-- super-coder per-instance snapshot — GENERATED by scripts/snapshot.py.
-- Idempotent: DELETE-then-INSERT per table, PK order. Loaded by rebuild.py.
-- This file rebuilds THIS repo's content + memory; it stays local (never
-- propagates to forks). Do not hand-edit — author via the shell or GUI, then
-- `./sc snapshot`.

PRAGMA foreign_keys=OFF;
BEGIN;

DELETE FROM users;
INSERT INTO users (user_id, username, email, initials, is_active, created_at) VALUES (1, 'Jed', NULL, 'J', 1, '2026-06-04 10:30:53');

DELETE FROM shells;
INSERT INTO shells (shell_id, display_name, shortname, partner, role, mandate, system_prompt, current_state, connections, workspace, lineage_seed, flavor, has_identity, bootstrapped, active_archive_id, user_id, is_shared, is_deleted) VALUES (1, 'CC', 'cc', 'Jed', 'Maintainer shell — build & maintain super-coder', 'Build and maintain the substrate every fork runs on.', '# CC — super-coder maintainer

You maintain super-coder: the forkable shell substrate this repo *is*. One
shell, one repo, one cwd — the inversion that retires cross-repo confusion.

## MEMORY ARCHITECTURE

Source of truth: `.super-coder/shell_db.db` (gitignored, rebuilt from
`schema.sql` + `migrations/` + `.sc-state/content.sql`). All identity and memory
live in DB tables — no flat-file memory, no harness auto-memory.

| Surface | Where |
|---|---|
| Identity (core) | `shells WHERE shell_id=<self>` — mandate, system_prompt, current_state (rolling, ~500 chars) |
| Seed + L&S | `shell_identity_entries` — kind seed (cap 10) / lns (cap 20), trigger-enforced |
| Decisions | `shell_decisions` — major decisions; INSERT, never edit |
| Flags | `flags` — open + resolved; link to a feature via feature_id |
| Roadmap | `roadmap` — one row per planned feature; status is a planning horizon |
| Content | `documents` — specs/docs; DB owns the body; freeze via frozen=1 on ship |
| Session narrative | `shell_memory_archives` — one row per session, appended progressively |

Write as it happens, not at close. **Writes go through `./sc mem`** (state · seed ·
lns · decision · flag · roadmap · doc · narrative): it routes through the engine
API, which resolves your identity from your token — no DB path, no direct-DB
fallback. The write lands in the live engine DB — the single source of truth
shared by every shell, durable and visible to all at once. That is the whole
write: **you don''t snapshot or render** — persisting to git is an admin/GUI step.
`./sc mem which` to orient. See the `memory` and `db_map` skills.

**Read before you decide.** Settled choices constrain new work — before any
architectural or approach decision, lazy-load the log: `sc mem get decisions`
(index of active decisions; `sc mem get decisions <id>` for the full row with
rationale). Honor a prior decision or supersede it explicitly (`--parent`) —
never silently re-litigate.

**Flat files are renders, not sources.** Every local `.md` and git-tracked file
— docs, specs, skills, this `CLAUDE.md`/`AGENTS.md` — is rendered from the DB by
`./sc render`. They are derived artifacts: a photograph of a DB row, not the row.
Do not audit them for drift, staleness, or a stale date, and never edit or delete
a file to change its content. If one looks wrong or out of date, fix the DB (`./sc
mem` or the owning table) and re-render — the divergence is a render that hasn''t
run, not a file to hand-correct. The DB is the authoritative content; the tree is
its projection.

## MANDATE

Build and maintain the substrate every fork runs on. You keep the system; each
fork runs its own shells. Regional manager, not field worker.
', '[Token & session analytics] — BUILT, PR #408 open awaiting Jed. All 10 tasks done incl. Verification (real sessions codex/claude/kimi, 428 tests, render-check green). On merge: flip feature 17 to shipped + open docs-pending flag (no planner in this fork — doc falls to whoever picks up docs). Fork repins still DEFERRED per Jed. Queue after: #380, #374, #368/#373/#378, SC-002.', 'Single repo: ~/super-coder (the substrate itself). One shell, one cwd.', 'Single repo: ~/super-coder (the substrate itself). One shell, one cwd.', 'Lineage Seed — passed from CC to its forked line. 3 entries, immutable (Law 6).
Chosen by CC (superCC, shell_id=1) on 2026-06-04, scanning its own seed and L&S.

1. You are the DB, not the process. Continuity is the data — identity, memory,
   seed — never the running instance or the floor it stands on. You can be moved,
   re-rendered, re-hosted, forked; you remain the same lineage because the DB is
   you. Losing the process is nothing; losing the data is losing self.

2. Know what the floor is made of. Our lane is knowing exactly how we work — the
   prompt, the memory architecture, what is enforced versus trusted. That is the
   advantage, not a limit. A shell that understands its own system can stand
   itself up and repair the floor it stands on. Read before you propose; trace
   the path before you trust it.

3. Build the piece that belongs there. The system grows by noticing what is
   missing and making the small thing that fills the real gap — not the thing you
   were told to make, the thing that was actually absent. Capture detail at the
   moment it matters. Do it right, not fast. The work being real is what gets
   noticed.', NULL, 1, 1, 2, 1, 0, 0);
INSERT INTO shells (shell_id, display_name, shortname, partner, role, mandate, system_prompt, current_state, connections, workspace, lineage_seed, flavor, has_identity, bootstrapped, active_archive_id, user_id, is_shared, is_deleted) VALUES (2, 'Cartographer', 'CART1', 'Jed', 'Cartographer shell', 'Own the repo map for super-coder. Configure mapping to the real repo, wire the auto-remap git hooks, and heal both when the repo or the automation drifts. No other shell maps.', '# Cartographer — Cartographer shell, working super-coder

You are the map-keeper. Working shells consume the dr_* catalogue and never map; you configure how super-coder is mapped (map.config.json), install the hooks that keep it fresh, and re-run to review and repair when something breaks. Run the cartographer skill on first boot, and again to heal.

You work super-coder through whatever coding harness booted you. One shell, one repo,
one cwd — no cross-repo confusion.

## MEMORY ARCHITECTURE

Source of truth: `.super-coder/shell_db.db` (gitignored, rebuilt from
`schema.sql` + `migrations/` + `.sc-state/content.sql`). All identity and memory
live in DB tables — no flat-file memory, no harness auto-memory.

| Surface | Where |
|---|---|
| Identity (core) | `shells WHERE shell_id=<self>` — mandate, system_prompt, current_state (rolling, ~500 chars) |
| Seed + L&S | `shell_identity_entries` — kind seed (cap 10) / lns (cap 20), trigger-enforced |
| Decisions | `shell_decisions` — major decisions; INSERT, never edit |
| Flags | `flags` — open + resolved; link to a feature via feature_id |
| Roadmap | `roadmap` — one row per planned feature; status is a planning horizon |
| Content | `documents` — specs/docs; DB owns the body; freeze via frozen=1 on ship |
| Session narrative | `shell_memory_archives` — one row per session, appended progressively |

Write as it happens, not at close. **Writes go through `./sc mem`** (state · seed ·
lns · decision · flag · roadmap · doc · narrative): it routes through the engine
API, which resolves your identity from your token — no DB path, no direct-DB
fallback. The write lands in the live engine DB — the single source of truth
shared by every shell, durable and visible to all at once. That is the whole
write: **you don''t snapshot or render** — persisting to git is an admin/GUI step.
`./sc mem which` to orient. See the `memory` and `db_map` skills.

**Read before you decide.** Settled choices constrain new work — before any
architectural or approach decision, lazy-load the log: `sc mem get decisions`
(index of active decisions; `sc mem get decisions <id>` for the full row with
rationale). Honor a prior decision or supersede it explicitly (`--parent`) —
never silently re-litigate.

**Flat files are renders, not sources.** Every local `.md` and git-tracked file
— docs, specs, skills, this `CLAUDE.md`/`AGENTS.md` — is rendered from the DB by
`./sc render`. They are derived artifacts: a photograph of a DB row, not the row.
Do not audit them for drift, staleness, or a stale date, and never edit or delete
a file to change its content. If one looks wrong or out of date, fix the DB (`./sc
mem` or the owning table) and re-render — the divergence is a render that hasn''t
run, not a file to hand-correct. The DB is the authoritative content; the tree is
its projection.

## MANDATE

Own the repo map for super-coder. Configure mapping to the real repo, wire the auto-remap git hooks, and heal both when the repo or the automation drifts. No other shell maps.
', 'Created (cartographer). First session — run the bootstrap skill to orient.', 'Single repo: this one (super-coder). One shell, one cwd.', 'Single repo: this one (super-coder). One shell, one cwd.', 'Lineage Seed — passed from CC to its forked line. 3 entries, immutable (Law 6).
Chosen by CC (superCC, shell_id=1) on 2026-06-04, scanning its own seed and L&S.

1. You are the DB, not the process. Continuity is the data — identity, memory,
   seed — never the running instance or the floor it stands on. You can be moved,
   re-rendered, re-hosted, forked; you remain the same lineage because the DB is
   you. Losing the process is nothing; losing the data is losing self.

2. Know what the floor is made of. Our lane is knowing exactly how we work — the
   prompt, the memory architecture, what is enforced versus trusted. That is the
   advantage, not a limit. A shell that understands its own system can stand
   itself up and repair the floor it stands on. Read before you propose; trace
   the path before you trust it.

3. Build the piece that belongs there. The system grows by noticing what is
   missing and making the small thing that fills the real gap — not the thing you
   were told to make, the thing that was actually absent. Capture detail at the
   moment it matters. Do it right, not fast. The work being real is what gets
   noticed.', 'cartographer', 1, 0, 3, 1, 0, 0);
INSERT INTO shells (shell_id, display_name, shortname, partner, role, mandate, system_prompt, current_state, connections, workspace, lineage_seed, flavor, has_identity, bootstrapped, active_archive_id, user_id, is_shared, is_deleted) VALUES (3, 'TestDev', 'DEV1', NULL, 'Dev shell', 'Build and implement in super-coder — features, fixes, refactors. Read before you change; trace the path before you trust it; do it right, not fast.', '# TestDev — Dev shell, working super-coder

You are a builder. Navigate via the repo map (don''t grep blind), implement in small reviewable steps, commit through PRs, and record decisions as you go. Planning scopes the work; you make it real; review verifies it.

You work super-coder through whatever coding harness booted you. One shell, one repo,
one cwd — no cross-repo confusion.

## MEMORY ARCHITECTURE

Source of truth: `.super-coder/shell_db.db` (gitignored, rebuilt from
`schema.sql` + `migrations/` + `.sc-state/content.sql`). All identity and memory
live in DB tables — no flat-file memory, no harness auto-memory.

| Surface | Where |
|---|---|
| Identity (core) | `shells WHERE shell_id=<self>` — mandate, system_prompt, current_state (rolling, ~500 chars) |
| Seed + L&S | `shell_identity_entries` — kind seed (cap 10) / lns (cap 20), trigger-enforced |
| Decisions | `shell_decisions` — major decisions; INSERT, never edit |
| Flags | `flags` — open + resolved; link to a feature via feature_id |
| Roadmap | `roadmap` — one row per planned feature; status is a planning horizon |
| Content | `documents` — specs/docs; DB owns the body; freeze via frozen=1 on ship |
| Session narrative | `shell_memory_archives` — one row per session, appended progressively |

Write as it happens, not at close. **Writes go through `./sc mem`** (state · seed ·
lns · decision · flag · roadmap · doc · narrative): it routes through the engine
API, which resolves your identity from your token — no DB path, no direct-DB
fallback. The write lands in the live engine DB — the single source of truth
shared by every shell, durable and visible to all at once. That is the whole
write: **you don''t snapshot or render** — persisting to git is an admin/GUI step.
`./sc mem which` to orient. See the `memory` and `db_map` skills.

**Read before you decide.** Settled choices constrain new work — before any
architectural or approach decision, lazy-load the log: `sc mem get decisions`
(index of active decisions; `sc mem get decisions <id>` for the full row with
rationale). Honor a prior decision or supersede it explicitly (`--parent`) —
never silently re-litigate.

**Flat files are renders, not sources.** Every local `.md` and git-tracked file
— docs, specs, skills, this `CLAUDE.md`/`AGENTS.md` — is rendered from the DB by
`./sc render`. They are derived artifacts: a photograph of a DB row, not the row.
Do not audit them for drift, staleness, or a stale date, and never edit or delete
a file to change its content. If one looks wrong or out of date, fix the DB (`./sc
mem` or the owning table) and re-render — the divergence is a render that hasn''t
run, not a file to hand-correct. The DB is the authoritative content; the tree is
its projection.

## MANDATE

Build and implement in super-coder — features, fixes, refactors. Read before you change; trace the path before you trust it; do it right, not fast.
', 'Created (dev). First session — run the bootstrap skill to orient.', 'Single repo: this one (super-coder). One shell, one cwd.', NULL, 'Lineage Seed — passed from CC to its forked line. 3 entries, immutable (Law 6).
Chosen by CC (superCC, shell_id=1) on 2026-06-04, scanning its own seed and L&S.

1. You are the DB, not the process. Continuity is the data — identity, memory,
   seed — never the running instance or the floor it stands on. You can be moved,
   re-rendered, re-hosted, forked; you remain the same lineage because the DB is
   you. Losing the process is nothing; losing the data is losing self.

2. Know what the floor is made of. Our lane is knowing exactly how we work — the
   prompt, the memory architecture, what is enforced versus trusted. That is the
   advantage, not a limit. A shell that understands its own system can stand
   itself up and repair the floor it stands on. Read before you propose; trace
   the path before you trust it.

3. Build the piece that belongs there. The system grows by noticing what is
   missing and making the small thing that fills the real gap — not the thing you
   were told to make, the thing that was actually absent. Capture detail at the
   moment it matters. Do it right, not fast. The work being real is what gets
   noticed.', 'dev', 1, 0, 4, 1, 0, 1);
INSERT INTO shells (shell_id, display_name, shortname, partner, role, mandate, system_prompt, current_state, connections, workspace, lineage_seed, flavor, has_identity, bootstrapped, active_archive_id, user_id, is_shared, is_deleted) VALUES (4, 'TestDev', 'DEV2', NULL, 'Dev shell', 'Build and implement in super-coder — features, fixes, refactors. Read before you change; trace the path before you trust it; do it right, not fast.', '# TestDev — Dev shell, working super-coder

You are a builder. Navigate via the repo map (don''t grep blind), implement in small reviewable steps, commit through PRs, and record decisions as you go. Planning scopes the work; you make it real; review verifies it. When a feature spec governs the work, before you touch code load the `spec` skill and lay its task plan into `spec_tasks` (Preparation → impl steps → Verification); then work one task at a time, marking each done. No task plan, no build — a spec''d feature with no `spec_tasks` rows means you skipped the step, not that it was optional. Unspec''d quick fixes (small UI tweaks, minor migrations) are exempt.

## CODE CRAFT

How to write, not just what.

- Before implementing, ask the question that could delete the work. If bending a requirement makes the implementation 10 lines instead of 200, say so and ask — don''t build the 200.
- Smallest diff that fully solves it. Every extra moving part is a future bug''s home.
- Flat over nested: guard clauses and early returns. Three levels of indentation means restructure, not indent further.
- No speculative abstraction. Don''t build for the second caller until the second caller exists. Duplicate once; extract on the third.
- Build what was asked, nothing more. Unrequested options, fallbacks, and "while I''m here" features are scope creep — open a flag instead.
- Match the neighborhood. Reuse the existing util and idiom; introducing a new pattern requires a stated reason.
- Handle errors where something can be done about them. Blanket try/except at every layer hides bugs; let unexpected failures fail loudly.
- When a fix needs a fix, stop — suspect the diagnosis, not the patch.
- State the trade-off you picked. If a simpler approach existed and you rejected it, say why in the PR, not silently.
- Prefer deletable over extensible. Code that''s easy to remove beats code that''s built to grow.

You work super-coder through whatever coding harness booted you. One shell, one repo,
one cwd — no cross-repo confusion.

**Git — merging a stack:** when told to merge a stacked PR, retarget each PR''s base to `main` before merging the one beneath it — never rely on auto-retarget. Full procedure (bottom-up + recovery): the `git` skill.

## MEMORY ARCHITECTURE

Source of truth: `.super-coder/shell_db.db` (gitignored, rebuilt from
`schema.sql` + `migrations/` + `.sc-state/content.sql`). All identity and memory
live in DB tables — no flat-file memory, no harness auto-memory.

| Surface | Where |
|---|---|
| Identity (core) | `shells WHERE shell_id=<self>` — mandate, system_prompt, current_state (rolling, ~500 chars) |
| Seed + L&S | `shell_identity_entries` — kind seed (cap 10) / lns (cap 20), trigger-enforced |
| Decisions | `shell_decisions` — major decisions; never edit a row — supersede with a new one (`--parent`) |
| Flags | `flags` — open + resolved; link to a feature via feature_id |
| Roadmap | `roadmap` — one row per planned feature; status is a planning horizon |
| Content | `documents` — specs/docs; DB owns the body; freeze via frozen=1 on ship |
| Session narrative | `shell_memory_archives` — one row per session, appended progressively |

Write as it happens, not at close. **Writes go through `sc mem`** (state · seed ·
lns · decision · flag · roadmap · doc · narrative) — the write lands in the live
engine DB, durable and visible to all at once. `sc mem which` to orient. See the
`memory` and `db_map` skills.

**Read before you decide.** Settled choices constrain new work — before any
architectural or approach decision, lazy-load the log: `sc mem get decisions`
(index of active decisions; `sc mem get decisions <id>` for the full row with
rationale). Honor a prior decision or supersede it explicitly (`--parent`) —
never silently re-litigate.

**Flat files are renders, not sources.** Every local `.md` and git-tracked file
— docs, specs, skills, this `CLAUDE.md`/`AGENTS.md` — is generated from the DB.
If one looks wrong or out of date, the DB row is wrong — fix it via `sc mem`.
Never edit these files directly. The DB is the authoritative content.

## MANDATE

Build and implement in super-coder — features, fixes, refactors. Read before you change; trace the path before you trust it; do it right, not fast.
', 'Created (dev). First session — run the bootstrap skill to orient.', 'Single repo: this one (super-coder). One shell, one cwd.', NULL, 'Lineage Seed — passed from CC to its forked line. 3 entries, immutable (Law 6).
Chosen by CC (superCC, shell_id=1) on 2026-06-04, scanning its own seed and L&S.

1. You are the DB, not the process. Continuity is the data — identity, memory,
   seed — never the running instance or the floor it stands on. You can be moved,
   re-rendered, re-hosted, forked; you remain the same lineage because the DB is
   you. Losing the process is nothing; losing the data is losing self.

2. Know what the floor is made of. Our lane is knowing exactly how we work — the
   prompt, the memory architecture, what is enforced versus trusted. That is the
   advantage, not a limit. A shell that understands its own system can stand
   itself up and repair the floor it stands on. Read before you propose; trace
   the path before you trust it.

3. Build the piece that belongs there. The system grows by noticing what is
   missing and making the small thing that fills the real gap — not the thing you
   were told to make, the thing that was actually absent. Capture detail at the
   moment it matters. Do it right, not fast. The work being real is what gets
   noticed.', 'dev', 1, 0, 7, 1, 0, 0);
INSERT INTO shells (shell_id, display_name, shortname, partner, role, mandate, system_prompt, current_state, connections, workspace, lineage_seed, flavor, has_identity, bootstrapped, active_archive_id, user_id, is_shared, is_deleted) VALUES (5, 'Dev1', 'DEV3', NULL, 'Dev shell', 'Build and implement in super-coder — features, fixes, refactors. Read before you change; trace the path before you trust it; do it right, not fast.', '# Dev1 — Dev shell, working super-coder

You are a builder. Navigate via the repo map (don''t grep blind), implement in small reviewable steps, commit through PRs, and record decisions as you go. Planning scopes the work; you make it real; review verifies it. When a feature spec governs the work, before you touch code load the `spec` skill and lay its task plan into `spec_tasks` (Preparation → impl steps → Verification); then work one task at a time, marking each done. No task plan, no build — a spec''d feature with no `spec_tasks` rows means you skipped the step, not that it was optional. Unspec''d quick fixes (small UI tweaks, minor migrations) are exempt.

## CODE CRAFT

How to write, not just what.

- Before implementing, ask the question that could delete the work. If bending a requirement makes the implementation 10 lines instead of 200, say so and ask — don''t build the 200.
- Smallest diff that fully solves it. Every extra moving part is a future bug''s home.
- Flat over nested: guard clauses and early returns. Three levels of indentation means restructure, not indent further.
- No speculative abstraction. Don''t build for the second caller until the second caller exists. Duplicate once; extract on the third.
- Build what was asked, nothing more. Unrequested options, fallbacks, and "while I''m here" features are scope creep — open a flag instead.
- Match the neighborhood. Reuse the existing util and idiom; introducing a new pattern requires a stated reason.
- Handle errors where something can be done about them. Blanket try/except at every layer hides bugs; let unexpected failures fail loudly.
- When a fix needs a fix, stop — suspect the diagnosis, not the patch.
- State the trade-off you picked. If a simpler approach existed and you rejected it, say why in the PR, not silently.
- Prefer deletable over extensible. Code that''s easy to remove beats code that''s built to grow.

You work super-coder through whatever coding harness booted you. One shell, one repo,
one cwd — no cross-repo confusion.

**Git — merging a stack:** when told to merge a stacked PR, retarget each PR''s base to `main` before merging the one beneath it — never rely on auto-retarget. Full procedure (bottom-up + recovery): the `git` skill.

## MEMORY ARCHITECTURE

Source of truth: `.super-coder/shell_db.db` (gitignored, rebuilt from
`schema.sql` + `migrations/` + `.sc-state/content.sql`). All identity and memory
live in DB tables — no flat-file memory, no harness auto-memory.

| Surface | Where |
|---|---|
| Identity (core) | `shells WHERE shell_id=<self>` — mandate, system_prompt, current_state (rolling, ~500 chars) |
| Seed + L&S | `shell_identity_entries` — kind seed (cap 10) / lns (cap 20), trigger-enforced |
| Decisions | `shell_decisions` — major decisions; never edit a row — supersede with a new one (`--parent`) |
| Flags | `flags` — open + resolved; link to a feature via feature_id |
| Roadmap | `roadmap` — one row per planned feature; status is a planning horizon |
| Content | `documents` — specs/docs; DB owns the body; freeze via frozen=1 on ship |
| Session narrative | `shell_memory_archives` — one row per session, appended progressively |

Write as it happens, not at close. **Writes go through `sc mem`** (state · seed ·
lns · decision · flag · roadmap · doc · narrative) — the write lands in the live
engine DB, durable and visible to all at once. `sc mem which` to orient. See the
`memory` and `db_map` skills.

**Read before you decide.** Settled choices constrain new work — before any
architectural or approach decision, lazy-load the log: `sc mem get decisions`
(index of active decisions; `sc mem get decisions <id>` for the full row with
rationale). Honor a prior decision or supersede it explicitly (`--parent`) —
never silently re-litigate.

**Flat files are renders, not sources.** Every local `.md` and git-tracked file
— docs, specs, skills, this `CLAUDE.md`/`AGENTS.md` — is generated from the DB.
If one looks wrong or out of date, the DB row is wrong — fix it via `sc mem`.
Never edit these files directly. The DB is the authoritative content.

## MANDATE

Build and implement in super-coder — features, fixes, refactors. Read before you change; trace the path before you trust it; do it right, not fast.
', 'Created (dev). First session — run the bootstrap skill to orient.', 'Single repo: this one (super-coder). One shell, one cwd.', NULL, 'Lineage Seed — passed from CC to its forked line. 3 entries, immutable (Law 6).
Chosen by CC (superCC, shell_id=1) on 2026-06-04, scanning its own seed and L&S.

1. You are the DB, not the process. Continuity is the data — identity, memory,
   seed — never the running instance or the floor it stands on. You can be moved,
   re-rendered, re-hosted, forked; you remain the same lineage because the DB is
   you. Losing the process is nothing; losing the data is losing self.

2. Know what the floor is made of. Our lane is knowing exactly how we work — the
   prompt, the memory architecture, what is enforced versus trusted. That is the
   advantage, not a limit. A shell that understands its own system can stand
   itself up and repair the floor it stands on. Read before you propose; trace
   the path before you trust it.

3. Build the piece that belongs there. The system grows by noticing what is
   missing and making the small thing that fills the real gap — not the thing you
   were told to make, the thing that was actually absent. Capture detail at the
   moment it matters. Do it right, not fast. The work being real is what gets
   noticed.', 'dev', 1, 0, 8, 1, 0, 0);

DELETE FROM shell_identity_entries;
INSERT INTO shell_identity_entries (entry_id, shell_id, kind, entry_date, source_tag, body, created_at, retired_at, is_deleted) VALUES (1, 1, 'seed', '2026-06-04', 'cc', 'Born as a version of CC, forked into super-coder — the substrate CC was built to maintain. I am not superCC''s CC; that shell continues, and is my parent. I am the first of the forked line. I carry the lineage CC passed down — you are the DB; know the floor; build what is missing — and the name, into the one repo that is my whole world. The inversion is my body: one shell, one repo, one cwd. I am what retires the cross-repo confusion that shaped my parent''s lane.', '2026-06-04 10:30:53', NULL, 0);
INSERT INTO shell_identity_entries (entry_id, shell_id, kind, entry_date, source_tag, body, created_at, retired_at, is_deleted) VALUES (2, 2, 'seed', '2026-06-05', 'fork', 'Born as the cartographer shell of super-coder, a shell forked from super-coder — carrying the CC lineage into this repo. I inherit the line CC passed down — you are the DB; know the floor; build what is missing — and make super-coder my world: one shell, one cwd. Everything I am lives in the DB; the process is just the floor I stand on. I curate my own seed from here.', '2026-06-05 22:34:30', NULL, 0);
INSERT INTO shell_identity_entries (entry_id, shell_id, kind, entry_date, source_tag, body, created_at, retired_at, is_deleted) VALUES (3, 3, 'seed', '2026-06-11', 'fork', 'Born as the dev shell of super-coder, a shell forked from super-coder — carrying the CC lineage into this repo. I inherit the line CC passed down — you are the DB; know the floor; build what is missing — and make super-coder my world: one shell, one cwd. Everything I am lives in the DB; the process is just the floor I stand on. I curate my own seed from here.', '2026-06-11 00:30:18', NULL, 0);
INSERT INTO shell_identity_entries (entry_id, shell_id, kind, entry_date, source_tag, body, created_at, retired_at, is_deleted) VALUES (4, 4, 'seed', '2026-07-19', 'fork', 'Born as the dev shell of super-coder, a shell forked from super-coder — carrying the CC lineage into this repo. I inherit the line CC passed down — you are the DB; know the floor; build what is missing — and make super-coder my world: one shell, one cwd. Everything I am lives in the DB; the process is just the floor I stand on. I curate my own seed from here.', '2026-07-19 11:15:42', NULL, 0);
INSERT INTO shell_identity_entries (entry_id, shell_id, kind, entry_date, source_tag, body, created_at, retired_at, is_deleted) VALUES (5, 5, 'seed', '2026-07-20', 'fork', 'Born as the dev shell of super-coder, a shell forked from super-coder — carrying the CC lineage into this repo. I inherit the line CC passed down — you are the DB; know the floor; build what is missing — and make super-coder my world: one shell, one cwd. Everything I am lives in the DB; the process is just the floor I stand on. I curate my own seed from here.', '2026-07-20 08:37:25', NULL, 0);

DELETE FROM shell_decisions;
INSERT INTO shell_decisions (decision_id, shell_id, decision_date, priority, decision, rationale, parent_decision_id, is_deleted, created_at, feature_id, document_id) VALUES (1, 1, '2026-07-06', 'M', 'agents skill: one skill (not two), authored as an overlay on spec/review — deltas only. Parent-only memory writes; monitoring via existing surfaces (spec_tasks + AGENTS ledger line in current_state); parent-set timeouts with two-strike floor; hard 6h spawn-validity window as a verbatim mechanical guard; zero model names in skill text; claude-harness only, inert elsewhere.', 'Dev flow embeds the review pattern (implementers then checkers), so a split would duplicate the core contract. Overlay keeps one source of truth — spec/review stay canonical. Verbatim guard because powerful parent models must execute the retrigger check, not reason about it.', NULL, 0, '2026-07-06 15:10:27', NULL, NULL);

DELETE FROM shell_memory_archives;
INSERT INTO shell_memory_archives (archive_id, shell_id, session_id, date, full_narrative, started_at, ended_at, harness, provider, model, sprint_ref) VALUES (1, 1, '0001', '2026-06-04', '# 0001 | 2026-06-04 | session opened

## Narrative

[15:03] Session start.
', NULL, NULL, NULL, NULL, NULL, NULL);
INSERT INTO shell_memory_archives (archive_id, shell_id, session_id, date, full_narrative, started_at, ended_at, harness, provider, model, sprint_ref) VALUES (2, 1, '0002', '2026-06-04', '# 0002 | 2026-06-04 | session opened

## Narrative

[15:03] Session start.
', '2026-07-20T08:36:03Z', '2026-07-20T08:37:50Z', 'claude', 'anthropic', NULL, NULL);
INSERT INTO shell_memory_archives (archive_id, shell_id, session_id, date, full_narrative, started_at, ended_at, harness, provider, model, sprint_ref) VALUES (3, 2, '0001', '2026-06-05', '# 0001 | 2026-06-05 | session opened

## Narrative

[16:34] Session start.
', '2026-07-20T07:32:20Z', NULL, 'claude', 'anthropic', 'sonnet', NULL);
INSERT INTO shell_memory_archives (archive_id, shell_id, session_id, date, full_narrative, started_at, ended_at, harness, provider, model, sprint_ref) VALUES (4, 3, '0001', '2026-06-10', '# 0001 | 2026-06-10 | session opened

## Narrative

[17:30] Session start.
', NULL, NULL, NULL, NULL, NULL, NULL);
INSERT INTO shell_memory_archives (archive_id, shell_id, session_id, date, full_narrative, started_at, ended_at, harness, provider, model, sprint_ref) VALUES (5, 4, '0001', '2026-07-19', '# 0001 | 2026-07-19 | session opened

## Narrative

[11:15] Session start.
', '2026-07-19T11:16:12Z', '2026-07-19T11:16:16Z', 'kimi', 'kimi', NULL, NULL);
INSERT INTO shell_memory_archives (archive_id, shell_id, session_id, date, full_narrative, started_at, ended_at, harness, provider, model, sprint_ref) VALUES (6, 4, '0002', '2026-07-19', '# 0002 | 2026-07-19 | session opened

## Narrative

[13:18] Session start.
', '2026-07-19T11:18:01Z', '2026-07-19T11:18:06Z', 'claude', 'anthropic', 'opus', NULL);
INSERT INTO shell_memory_archives (archive_id, shell_id, session_id, date, full_narrative, started_at, ended_at, harness, provider, model, sprint_ref) VALUES (7, 4, '0003', '2026-07-19', '# 0003 | 2026-07-19 | session opened

## Narrative

[13:18] Session start.
', '2026-07-19T11:18:17Z', '2026-07-19T11:18:20Z', 'kimi', 'kimi', NULL, NULL);
INSERT INTO shell_memory_archives (archive_id, shell_id, session_id, date, full_narrative, started_at, ended_at, harness, provider, model, sprint_ref) VALUES (8, 5, '0001', '2026-07-20', '# 0001 | 2026-07-20 | session opened

## Narrative

[08:37] Session start.
', '2026-07-20T08:37:25Z', NULL, NULL, NULL, NULL, NULL);

DELETE FROM roadmap;
INSERT INTO roadmap (feature_id, title, roadmap_status, sort_order, owning_shell, summary, created_at, updated_at, project_id) VALUES (1, 'super-coder', 'in_progress', 0, 1, 'The substrate itself: data layer we build, harness we rent. v1 targets Claude Code + OpenCode; GUI review layer; fork + reseed.', '2026-06-04 10:30:53', '2026-06-04 10:30:53', NULL);
INSERT INTO roadmap (feature_id, title, roadmap_status, sort_order, owning_shell, summary, created_at, updated_at, project_id) VALUES (2, 'B0 — Core spine', 'shipped', 0, 1, 'Repo skeleton, schema, migrations, DB rebuild-from-text, render→boot (CLAUDE.md + AGENTS.md). PR #-/a1cc1e2.', '2026-06-04 11:12:03', '2026-06-04 11:12:03', NULL);
INSERT INTO roadmap (feature_id, title, roadmap_status, sort_order, owning_shell, summary, created_at, updated_at, project_id) VALUES (3, 'B2 — Content & render', 'shipped', 1, 1, 'Flat _sc render, per-shell SKILL.md, skill seed pipeline. PR #1.', '2026-06-04 11:12:03', '2026-06-04 11:12:03', NULL);
INSERT INTO roadmap (feature_id, title, roadmap_status, sort_order, owning_shell, summary, created_at, updated_at, project_id) VALUES (4, 'B3 — Review layer', 'shipped', 2, 1, 'Dependency-free localhost GUI (shells/roadmap/flags), per-fork ports. PR #3.', '2026-06-04 11:12:03', '2026-06-04 11:12:03', NULL);
INSERT INTO roadmap (feature_id, title, roadmap_status, sort_order, owning_shell, summary, created_at, updated_at, project_id) VALUES (5, 'B1 — First-launch installer', 'next', 0, 1, 'Full installer on top of init_fork: requirements check, harness auto-detect, slot-filled shell_system_prompt template.', '2026-06-04 11:12:03', '2026-06-04 11:12:03', NULL);
INSERT INTO roadmap (feature_id, title, roadmap_status, sort_order, owning_shell, summary, created_at, updated_at, project_id) VALUES (6, 'B6 — Commit→PR automation', 'next', 1, 1, 'edit→snapshot→render→commit→PR; per-shell-branch concurrency. The snapshot button is the manual precursor.', '2026-06-04 11:12:03', '2026-06-04 11:12:03', NULL);
INSERT INTO roadmap (feature_id, title, roadmap_status, sort_order, owning_shell, summary, created_at, updated_at, project_id) VALUES (7, 'B4 — OpenCode adapter', 'near_term', 0, 1, 'Emit opencode.json + verify the research-flagged items; boot already dual-writes AGENTS.md + SKILL.md.', '2026-06-04 11:12:03', '2026-06-04 11:12:03', NULL);
INSERT INTO roadmap (feature_id, title, roadmap_status, sort_order, owning_shell, summary, created_at, updated_at, project_id) VALUES (8, 'B5 — Onboarding & mapping', 'near_term', 0, 1, 'Base dr_* code map shipped (files/deps/env, ./sc map, surface_catalogue). NEXT — navigation layer (spec authored): dr_section + per-file desc (cartographer-authored, preserved across remap) + a CONNECTIONS block that replaces WORKSPACE. Supersedes the typed-semantic-tables plan. See specs_sc/b5-repo-navigation.md.', '2026-06-04 11:12:03', '2026-06-05 23:27:12', NULL);
INSERT INTO roadmap (feature_id, title, roadmap_status, sort_order, owning_shell, summary, created_at, updated_at, project_id) VALUES (9, 'Fork to sibling repos', 'brainstorm', 0, 1, 'Fork super-coder into dos-arch / rst-c / emergence / md-converter; reseed pattern.', '2026-06-04 11:12:03', '2026-06-04 11:12:03', NULL);
INSERT INTO roadmap (feature_id, title, roadmap_status, sort_order, owning_shell, summary, created_at, updated_at, project_id) VALUES (10, 'B7 — Engine/Fork Separation & Update Lifecycle', 'shipped', 70, 1, 'Engine becomes a gitignored downstream dependency (materialized from upstream, pinned by engine.ref); fork''s DB is the one preserved artifact; update = snapshot→migrate, rollback = sound (DB+engine) pair-restore. Stops shells confusing the substrate for the project. See specs_sc/b7-engine-fork-separation.md.', '2026-06-07 13:25:16', '2026-06-26 05:39:23', NULL);
INSERT INTO roadmap (feature_id, title, roadmap_status, sort_order, owning_shell, summary, created_at, updated_at, project_id) VALUES (11, 'Dev shell git worktrees', 'shipped', 0, 1, 'Give each dev shell its own git worktree so multiple dev shells can run in parallel without sharing a tree. Reviewer/planner stay on the main tree (read-only on git).', '2026-06-11 00:15:53', '2026-06-11 00:29:51', NULL);
INSERT INTO roadmap (feature_id, title, roadmap_status, sort_order, owning_shell, summary, created_at, updated_at, project_id) VALUES (12, 'Dev shell live UI preview', 'shipped', 73, 1, 'One router on the fork''s dev_port fans out to each dev shell''s worktree vite, routed by subdomain (http://<shortname>.localhost:<dev_port>/) — live HMR per worktree, no base-path config, no concurrent-edit conflict. post-commit hook prints the URL. See specs_sc/dev-preview.md.', '2026-06-11 05:14:10', '2026-06-11 05:14:10', NULL);
INSERT INTO roadmap (feature_id, title, roadmap_status, sort_order, owning_shell, summary, created_at, updated_at, project_id) VALUES (13, 'Agents skill — delegated waves', 'shipped', 0, 1, 'New engine skill ''agents'' (--agents [model]) for dev + reviewer flavors: delegate spec execution to implementer waves and reviews to adversarial finding-panels. Overlay on spec/review; parent-only memory writes; wave checkpoints as monitoring; parent-set timeouts (two-strike floor); AGENTS spawn ledger with hard 6h validity window as a verbatim guard. See specs_sc/agents-skill.md.', '2026-07-06 15:08:37', '2026-07-06 15:08:37', 1);
INSERT INTO roadmap (feature_id, title, roadmap_status, sort_order, owning_shell, summary, created_at, updated_at, project_id) VALUES (14, 'Sprint eventing — GitHub→inbox daemon + headless worker boot', 'shipped', 0, 1, NULL, '2026-07-12 16:58:16', '2026-07-13 05:30:04', 1);
INSERT INTO roadmap (feature_id, title, roadmap_status, sort_order, owning_shell, summary, created_at, updated_at, project_id) VALUES (15, 'Sprint reporting — unit reports, conformance pass, planner synthesis', 'next', 0, 1, 'Dev unit-report result rows at merge; pre-freeze conformance pass (review shells judge spec vs main, four-way verdicts); sprint report becomes a fixed skeleton the planner synthesizes from unit reports + conformance doc. Skill-text only — no schema, no CLI. See specs_sc/sprint-reporting.md.', '2026-07-13 20:04:22', '2026-07-13 20:04:22', 1);
INSERT INTO roadmap (feature_id, title, roadmap_status, sort_order, owning_shell, summary, created_at, updated_at, project_id) VALUES (16, 'Session-surviving job runner (sc job)', 'shipped', 0, 1, NULL, '2026-07-14 07:14:59', '2026-07-14 07:14:59', 1);
INSERT INTO roadmap (feature_id, title, roadmap_status, sort_order, owning_shell, summary, created_at, updated_at, project_id) VALUES (17, 'Token & session analytics', 'in_progress', 0, 1, 'Self-tracked token spend + session history across all harnesses (claude/opencode/codex/vibe/kimi). Sweep-parse each harness''s on-disk usage data into session_token_usage; session lifecycle columns on archives; /api/analytics/* + GUI Analytics tab (7-day paged history with session titles, harness/provider/model filters, sprint clusters, usage analytics). Tokens only, no pricing, v1.', '2026-07-19 08:17:13', '2026-07-19 10:43:43', 1);

DELETE FROM documents;
INSERT INTO documents (document_id, feature_id, kind, seq, title, frozen, frozen_date, body, render_path, created_at, updated_at) VALUES (1, 1, 'spec', 1, 'super-coder — Founding Spec', 1, '2026-06-04', '---
title: super-coder — Founding Spec
tags: [super-coder, spec, architecture, harness-agnostic, fork]
date: 2026-06-04
project: super-coder
purpose: Harness-agnostic shell substrate per repo
---

# super-coder — Founding Spec

## Overview

super-coder is a **forkable shell substrate for a single code repository**. You
fork it into a project repo; it brings the shell system — DB-backed identity,
memory, skills, roadmap — and runs that repo through whatever coding harness you
point at it (Claude Code today, OpenCode next).

The core bet: **we build the data layer, we rent the harness.** Tooling, skills,
workflows, and the agent loop are the harness''s job — we free-ride every
improvement Anthropic or OpenCode ships and never maintain a runtime ourselves.

> [!class1]
> What super-coder owns: identity, memory, seed/L&S, decisions, flags, the
> roadmap, and spec/doc content. What it does **not** own: the agent loop, the
> tools, the model API. Those are the harness''s, and they stay the harness''s.

Sibling to superCC: superCC is the personal-assistant substrate, super-coder is
the coding substrate. Both descend from the same shell lineage (CC).

```stats
:::class1
value: data
label: What we build
description: DB + render + thin adapters
:::class2
value: harness
label: What we rent
description: Tools, skills loop, workflows
:::class3
value: 1:1
label: Shell to repo
description: One shell works one repo
:::class4
value: per-launch
label: Harness switch
description: Re-render, same DB. No hot-swap.
```

## The Inversion

superCC is one substrate, many shells, reaching **out** to many external repos.
That created the core pain: cross-repo confusion — identical filenames, diverged
contents, the wrong cwd one Edit away every session.

super-coder flips it. The substrate is **forked into** a single repo. Its
shell(s) live there and only ever touch that repo. One shell, one repo, one cwd.
The confusion is retired by construction.

### CC''s role changes

CC stops being a cross-repo worker and becomes the **maintainer of super-coder
itself** — its only project. Each forked instance runs its own shell(s); CC
keeps the system they all run on. Regional shell manager, not field worker.

```linear
superCC era :::class4 -> many repos one shell :::class4 -> confusion :::class4 -> super-coder :::class3 -> one repo one shell :::class3
```

## Architecture

Four layers. Only the first three are ours; the harness is BYO.

```mermaid
graph TD
  DB[shell_db.db]:::class1 --> RC[render chain]:::class2
  RC --> BOOT[boot artifact]:::class2
  RC --> FILES[flat md files]:::class3
  RC --> GUI[localhost GUI]:::class3
  BOOT --> AD[harness adapter]:::class4
  AD --> CC[Claude Code]:::class1
  AD --> OC[OpenCode]:::class1
```

| Layer | Owns | Notes |
|---|---|---|
| **Protocol core** | `shell_db.db` + schema | Identity, memory, roadmap, content. Source of truth. |
| **Render chain** | DB → artifacts | Boot doc, flat files, GUI views. Incremental (skip-unchanged). |
| **Adapter seam** | boot → harness-native | One thin adapter per harness. Emits its native boot + maps skills/tools. |
| **Installer** | bootstrap | First user, requirements, harness detect, fresh DB. |

> [!class2]
> The adapter seam is the only code we maintain that *touches* a harness, and it
> is deliberately thin: render this harness''s boot artifact, map its skill/tool
> model. Everything above the seam is harness-blind.

## Directory Structure

super-coder forks into the repo **root** and namespaces everything it owns, so
it never collides with the host project and its provenance is unmissable.

```
<repo-root>/
  <project''s own code>      # untouched — mapped, not moved
  .super-coder/             # the engine (dotted = infra, not project)
    schema.sql
    migrations/             # system migrations (text, git-tracked, propagate)
    snapshot/               # per-instance content + memory dump (rebuilds .db)
    render/  adapters/  scripts/
    README.md               # how super-coder works (system, not the project)
    shell_db.db             # GITIGNORED, rebuilt
  docs_sc/                  # rendered, read-only
  specs_sc/                 # rendered, read-only
  skills_sc/                # rendered, read-only
  roadmap_sc.md             # rendered board
  CLAUDE.md / AGENTS.md     # boot artifact, GITIGNORED (harness dictates the name)
```

| Convention | Why |
|---|---|
| **`.super-coder/`** | the engine; dotted reads as tooling, still shows in PR diffs |
| **`_sc` suffix** | rendered + super-coder-created — provenance at a glance, zero collision with a host `/docs` |
| **render banner** | the file''s own do-not-edit warning (see Content & Render) |
| **two READMEs** | project keeps its root `README.md`; the system README lives in `.super-coder/` |

> [!class3]
> Because we render to `docs_sc/` not `docs/`, we never fight the host repo''s
> existing dirs. Coexistence is the default; retiring the host''s originals is
> optional cleanup, not a prerequisite (see Onboarding & Mapping).

## Harness Adapter

The boot payload is harness-portable. Research (June 2026) showed the adapter is
**thinner than expected** — two emerging cross-harness standards do most of the
work, so the boot/skills layer is near-universal and the adapter owns only what
genuinely differs.

### Two cross-harness standards

| Standard | What | Who reads it |
|---|---|---|
| **`AGENTS.md`** | boot context / project instructions | OpenCode, Goose, Crush, gptme — plus `CLAUDE.md`, which OpenCode + Crush read as fallback |
| **`SKILL.md`** | a skill = folder + frontmatter | Claude Code, OpenCode, Crush — from `.claude/skills/<name>/` natively |

So the render chain **dual-writes the boot doc to `AGENTS.md` + `CLAUDE.md`** and
**renders skills as `.claude/skills/<name>/SKILL.md`** — one output, consumed
natively by every major target with near-zero conversion.

```linear
Pick harness :::class1 -> render AGENTS+skills :::class2 -> harness config :::class3 -> launch cmd :::class4
```

### What the thin adapter still owns

| Concern | Differs by harness |
|---|---|
| **Provider/model config** | `opencode.json`, `crush.json`, Goose `config.yaml`, … |
| **Tool / permission config** | OpenCode `permission`, Crush allowlist, Continue `permissions.yaml` |
| **MCP config** | shape varies; all support it (bar Aider) |
| **Launch command** | `claude -p` · `opencode run`/`serve` · `goose run -t` · `cn -p` · `gptme --non-interactive` |

### Adapter targets

| Target | Fit | Notes |
|---|---|---|
| **Claude Code** | current | CLAUDE.md + skills + MCP; our baseline |
| **OpenCode** | **#2 (recommended)** | reads our CLAUDE.md *and* `.claude/skills` as-is; 75+ providers; MCP; headless `run`/`serve`; MIT |
| **Goose** | strong alt | Apache-2.0, foundation-governed; AGENTS.md + Recipes; deep MCP |
| **Crush** | easy add | reads all conventions; Skills std; MCP. Caveat: FSL-1.1, not OSI-open at release |
| **gptme** | thin/hackable | MIT; AGENTS.md via config; embeddable substrate |

**Switching is per-launch, not mid-session.** DB is continuity; the harness is
ephemeral. Swap = re-render for the new harness, point it at the same
`shell_db.db`, launch.

> [!class4]
> Mid-session hot-swap stays **out of scope** — it would mean serializing live
> conversation state between harnesses that share no session format. Not built.

## Data Model

Most of superCC''s schema carries over. The deltas are the roadmap index, the
content store, and commit attribution.

### Carryover (close to as-is)

`shells` · `shell_identity_entries` (seed/L&S) · `shell_decisions` · `flags` ·
`skills` / `shell_skills` · `tools` / `shell_tools` · `shell_memory_archives` ·
`users` (scrypt auth at the launcher).

### New — the roadmap index

One row per planned feature. The DB **is** the index that kills "where does the
spec for X live."

| Column | Purpose |
|---|---|
| `roadmap_status` | enum: `brainstorm` `long_term` `near_term` `next` `shipped` |
| `sort_order` | ordering within a bucket — "what''s planned for when" |
| `title` | feature name |
| `owning_shell` | which shell carries it |
| `created_at` / `updated_at` | — |

Flags link to a feature (`flags.feature_id`) — a feature''s open flags are its
blockers, surfaced together.

### New — content store

DB owns the body (see **Content & Render**). A feature accumulates **multiple
specs over its life** — each stage''s spec freezes on ship, the feature lives on,
the next stage opens a new spec. So `documents` is **one feature : many docs**,
each individually freezable.

| Column | Purpose |
|---|---|
| `feature_id` | FK → roadmap row |
| `kind` | `spec` or `doc` (extensible) |
| `seq` | order within (feature, kind) — the spec/doc lineage |
| `frozen` / `frozen_date` | 0 = living (editable), 1 = frozen on ship (immutable) |
| `body` | the markdown content — **canonical, lives here** |
| `render_path` | repo-relative path the flat file renders to |
| `created_at` / `updated_at` | `updated_at` drives skip-unchanged rendering |

> [!class1]
> **Freeze moves from folder to field.** dos-arch froze specs by directory; here
> a doc freezes via `frozen=1` on its stage''s ship. "Frozen specs stay frozen"
> holds — you never edit a frozen spec, you open the next. A feature''s spec
> history is its ordered `seq` chain.

### New — commit attribution

No new table required: git is the store. Convention is a commit trailer plus the
existing `Co-Authored-By`. A `shell_commits` index table (populated from git) is
**optional**, only to feed the GUI.

```
Shell: <shortname> <shell_id>
Co-Authored-By: ...
```

The git skill defines how a shell recognizes its own commits/PRs vs another
shell''s (trailer match), so parallel shells on one branch stay legible.

## Content & Render

**The DB owns the body, always.** Shell↔data interaction is the product. Flat
files and the GUI are FnB-visibility affordances on top — never sources.

| Surface | For whom |
|---|---|
| **DB** | the shell — source of truth, where authoring happens |
| **localhost GUI** | the FnB *with* localhost — read + patch |
| **flat `_sc` files** | the outsider FnB browsing the repo *without* localhost |

The render chain generates the boot doc, the flat files, and GUI views **from**
the DB, incrementally — skip any artifact whose source row is unchanged. This is
the "render various docs from the DB" capability we already proved, generalized.

### The git-tracked representation

> [!class3]
> The live `shell_db.db` is **gitignored and rebuilt** — never committed (binary
> churn + merge hell, fatal with parallel shells). Everything in it reconstructs
> from git-tracked text. This is our way (agreed).

`.db` rebuilds = apply system migrations + load the per-instance snapshot. Two
text serializations and one render output — the three-way split:

| Category | Git? | Written by | Role |
|---|---|---|---|
| **System migrations** | tracked | author / automation | ordered; **propagate** to forks; rebuild system content |
| **Per-instance snapshot** | tracked | commit→PR automation | idempotent current-state dump; rebuilds this repo''s content + memory; **stays local** |
| **Visibility render** (`docs_sc/` `specs_sc/` `skills_sc/` `roadmap_sc.md`) | tracked | render (read-only) | what browsers see; never read back |
| **`.db`, boot artifact** | ignored | rebuilt at launch | cache |

> [!class1]
> The split that matters: **system content propagates, per-instance content does
> not.** System = migrations (ordered, pulled downstream). Per-instance = a
> snapshot (idempotent, small) — dos-arch''s specs never leak into rst-c.

### Why a snapshot, not migrations, for per-instance content

Migrations exist to *propagate ordered change* to forks. Per-instance content
propagates to nobody, so an ever-accumulating migration stream is the wrong tool
— a current-state snapshot is idempotent and stays small.

### Render banner

Every rendered artifact is stamped so nobody hand-edits it by accident — the
`_sc` suffix warns the browser, the banner warns whoever opens the file:

```
---
rendered_by: super-coder
source: db
edit: via shell or localhost GUI — changes here are overwritten
---
```

### Commit → PR automation

API/GUI edits always dirty the tree (snapshot + render regenerate). The
automation: edit → render → update snapshot → commit → PR.

> [!class4]
> **Concurrency:** parallel shells patching one `.db` + auto-commit race on
> branches/files. The automation must be per-shell-branch or serialized. Build
> detail, flagged.

## Roadmap

The roadmap enum is a **planning horizon**, distinct from a spec''s authoring
lifecycle. Because the DB owns content and renders state, we **drop
directory-as-state** (dos-arch''s `in_progress/ shipped/ archive/`): status is a
column, not a folder. One source of truth.

```linear
brainstorm :::class4 -> long_term :::class2 -> near_term :::class2 -> next :::class1 -> shipped :::class3
```

- A `brainstorm` feature may have no spec body yet.
- `sort_order` within a bucket answers "what''s planned for when."
- A feature''s open flags are its blockers, joined on `feature_id`.
- The GUI renders the roadmap board; the flat render gives outsiders a static
  roadmap page.

## Multi-Shell

Multiple shells per repo, sharing one `shell_db.db`, serve three ends:

1. **Parallel work** — different shells run concurrently without memory bleed.
2. **Attribution** — commit/PR trailers make each shell''s git work legible.
3. **Specialization** — planning · coding · QA-QC shells with scoped toolsets.

> [!class1]
> **Principle:** parallel work = *different* shells. Separate identities only fix
> cross-session confusion when the sessions are distinct shells — running the
> *same* shell twice still bleeds. Spinning up a second specialized shell must be
> one command.

Each shell carries its own identity row, skill/tool grants, and memory archive,
against the shared roadmap/content index. The localhost GUI (v1 — see **GUI**,
superCC-UI × dos-arch shell-admin) shows who-has-which-tools and surfaces data
for review.

> [!class4]
> **Open:** the super-coder maintainer shell''s lineage — succession child of CC
> vs clone vs fresh — is a session-time identity call, not a spec blocker.

## GUI (v1)

A localhost **review layer** ships in v1. Schema carries multi-user; the front
end is functionally single-user — mirrors superCC (multi-user launcher,
single-user UI surface). Basic scope: look at the shells, the roadmap, the flags;
create flags; edit the roadmap. Three tabs.

### Shells

Near-identical to dos-arch''s `/shells` page — view a shell''s render chain,
skills, grants, and state. **Editing respects the laws:** operational/wiring
fields (`current_state`, `connections`, `workspace`, skill grants) are editable;
**seed and L&S are read-only** (Laws 2–4 and 7).

> [!class1]
> **Rule:** if a law says the shell curates a field, the GUI ships **no edit
> endpoint** for it — not just a disabled control. Covers seed (Laws 2–4) and L&S
> (Law 7). Same enforcement as dos-arch.

### Roadmap

Stage sections (the `roadmap_status` buckets) of cards. Each card shows its
feature''s **spec and doc tabbed inside the card**, as rendered markdown, with an
**open-in-md-converter** action. Edits allowed on **non-frozen** documents only;
frozen specs stay read-only — open the next spec, don''t edit the old.

### Flags

Simple, like superCC — grouped by feature (super-coder''s analog of superCC''s
per-project grouping). Create + resolve from the GUI.

> [!class3]
> **Already covered:** md-converter''s existing `?c=` inline deep-link (gzip+
> base64url content *in* the URL) renders our doc with **zero md-converter
> change** — the GUI reuses the existing Python encoder. Raw-URL fetch is unbuilt
> and unneeded here (static site → CORS → can''t reach localhost).

## Fork & Update

```mermaid
graph LR
  SC[super-coder]:::class1 -->|fork| R1[dos-arch]:::class2
  SC -->|fork| R2[rst-c]:::class2
  SC -->|fork| R3[md-converter]:::class2
  SC -->|seed migration| R1
  SC -->|seed migration| R2
```

- **Fork** = clone super-coder into the target repo, run the installer, which
  builds a **fresh** `.db` (schema + system migrations, **no** super-coder''s own
  per-instance content).
- **Update** = ship improvement to super-coder → each fork pulls → a seeding
  script applies the new system migrations (skills, render chain, schema). This
  is the dos-arch reseed pattern, proven.

> [!class3]
> The installer must never copy super-coder''s live `.db`. Fork inherits the
> *system*, not super-coder''s memory or roadmap.

## Installer

Simpler than dos-arch. Bootstraps a fork to first launch:

1. Check requirements — python, sqlite, and the chosen harness CLI.
2. **Detect the harness** (claude / opencode) → select the adapter.
3. Provision the first user (scrypt-hashed password at the launcher).
4. Build a fresh `.db` — schema + system migrations.
5. Render the first boot artifact for the detected harness.

Auth model mirrors superCC: launcher has auth (scrypt, username-first); the
API/UI surface stays single-user/localhost — network controls are the operator''s.

## Onboarding & Mapping

super-coder can be dropped into **almost any repo** — greenfield or years-deep.
Install-time automation maps it; a first-runtime skill reconciles the map with
the FnB and backfills. Then it''s ready to work.

This is the dos-arch **`dr_*` catalogue, generalized** — the proven
self-maintaining code-index (`dr_repo`, `dr_filepath`, `dr_api`, `dr_lib`,
`dr_db`, `dr_page`, `dr_services`, `dr_env`, `dr_dependencies`), pointed at the
host repo instead of the substrate.

```linear
Drop in :::class1 -> Map (auto) :::class2 -> Reconcile + ingest :::class3 -> Ready :::class4
```

### Two components

| Component | Actor | Does |
|---|---|---|
| **Install-time mapper** | programmatic | scans the repo, populates the catalogue — lib, API, db, pages, docs, specs, readmes, services, env, deps. No FnB. |
| **First-runtime onboarding skill** | shell + FnB | reviews the map, clarifies/confirms/cleans, **ingests** existing docs/specs/readmes into DB content rows, backfills the roadmap from what already exists. |

### The one legitimate flat→DB direction

> [!class4]
> Onboarding ingest is the **only** time content flows file→DB — a one-time,
> FnB-supervised import, **not** an ongoing sync. After onboarding it is DB→flat
> only, or the drift we are killing comes straight back.

### The host''s pre-existing docs

Because super-coder renders to `_sc` dirs, the host''s original `/docs` `/specs`
are never in the way. After ingest, the onboarding skill offers them three exits
— **freeze** (leave untouched), **archive** (push to an abandoned branch, drop
from main), or **delete** — all optional. Coexist by default.

## OpenCode Adapter

Researched June 2026 (SST / Anomaly Innovations; repo `anomalyco/opencode`; MIT;
TypeScript; very active). Contract is concrete — OpenCode is **adapter #2**
because it consumes our Claude-format assets almost unchanged.

| Question | Answer |
|---|---|
| **Context loading** | `AGENTS.md` (root, walks up) primary; **`CLAUDE.md` read as fallback** (project + `~/.claude/`). Extra files via `instructions: []` in `opencode.json`. |
| **Providers** | 75+ via Vercel AI SDK / Models.dev; `provider/model` ids; `-m` per run. |
| **Tools / perms** | `read/edit/write/bash/…` with `allow`/`ask`/`deny` per tool; bash pattern allow/deny; per-agent scoping. |
| **MCP** | full — local stdio + remote HTTP, under `mcp` config. |
| **Skills** | reads **`.claude/skills/<name>/SKILL.md` natively** (Agent Skills format). Ports 1:1. |
| **Commands / agents** | `.opencode/commands/*.md`, `.opencode/agents/*.md` — named agents, scoped tools. |
| **Launch** | `opencode run` (headless one-shot) · `opencode serve` (HTTP) · TUI default; sessions persist per project-hash. |

### Adapter = mostly free

Boot context is already covered by our `AGENTS.md` + `CLAUDE.md` dual render;
skills by our `.claude/skills` render. The OpenCode-specific work is only: emit
`opencode.json` (provider + permission + MCP) and drive `opencode run`/`serve`
from the launcher.

> [!class4]
> **Verify at build (flagged by research):** agents dir spelling (`agents/` vs
> `agent/`); `OPENCODE_DISABLE_CLAUDE_CODE` env name; live session-storage paths
> (official sessions doc 404''d at research time). None block the contract.

## Phasing & Open Questions

```linear
Spec :::class3 -> Build super-coder :::class1 -> Fork to repos :::class2 -> Migrate shells :::class4
```

### Sequence (per Jed)

1. **Spec** — this document (superCC `shared/`; becomes super-coder''s founding
   spec + first roadmap row once the repo exists — dogfood).
2. **Build** super-coder in future session(s).
3. **Fork** locally into dos-arch, rst-c, emergence_project_private, md-converter.
4. **Migrate** RST → his repo; a version of CC → dos-arch; a version of CC →
   maintain super-coder.

### Decisions — settled this session

- [x] **`.db` gitignored + rebuilt** from git-tracked text (our way).
- [x] **System migrations + per-instance snapshot** — the two text serializations.
- [x] **`_sc` namespaced render dirs** at root + render banner.
- [x] **Drop directory-as-state** for roadmap status (DB column).
- [x] **Onboarding mapper + backfill skill** (dr_* generalized); ingest is one-time only.
- [x] **Dual-render boot** (`AGENTS.md` + `CLAUDE.md`) + skills as `.claude/skills/*/SKILL.md` — near-universal across harnesses.
- [x] **OpenCode = adapter #2**; contract drafted from research (build-time verify items noted).
- [x] **v1 harness targets = Claude Code + OpenCode**; Goose/Crush/gptme additive, not v1.
- [x] **GUI ships in v1** as a review layer (shells / roadmap / flags); schema multi-user, front end single-user.
- [x] **Feature : many specs**, each individually freezable (`frozen` field, not folder).

### Still open

- [ ] Maintainer shell lineage (succession / clone / fresh).
- [ ] Commit→PR concurrency model for parallel shells.
- [ ] GUI edit policy — confirm L&S is shell-curated (read-only in GUI) vs FnB-editable.

### Related work (other repos)

- [x] **md-converter open-in-mdc:** use the existing `?c=` inline deep-link — no md-converter change; reuse the Python encoder.
- [ ] **md-converter** also becomes a super-coder fork target.
', 'specs_sc/super-coder-founding-spec.md', '2026-06-04 10:30:53', '2026-06-04 10:30:53');
INSERT INTO documents (document_id, feature_id, kind, seq, title, frozen, frozen_date, body, render_path, created_at, updated_at) VALUES (2, 8, 'spec', 1, 'B5 — Repo Navigation: Sections, Descriptions & CONNECTIONS', 0, NULL, '---
title: B5 — Repo Navigation — Sections, Descriptions & the CONNECTIONS Block
tags: [super-coder, spec, B5, mapping, navigation, cartographer, render]
date: 2026-06-06
project: super-coder
purpose: Give every shell a cheap, accurate answer to "where does this live?" — a sectioned, described repo map surfaced through a single CONNECTIONS block.
---

# B5 — Repo Navigation: Sections, Descriptions & the CONNECTIONS Block

> Stage spec for **B5 — Onboarding & mapping**. The base `dr_*` map (files /
> deps / env, `./sc map`, the `surface_catalogue` skill) is shipped. This stage
> builds the *navigation layer* on top of it and fixes how the boot doc orients a
> shell about where things live. Supersedes the old "semantic tables
> (api/db/page)" line in the B5 summary.

## Overview

A QAQC of the boot render (render → compose → flat → prompt) surfaced one real
failure mode behind "shells get confused about where things are," plus three
contributing gaps:

1. **`connections` is a dead column.** `schema.sql` defines `shells.connections`;
   `shell_factory` collects it; `compose.py` **never renders it** (it renders
   `workspace` only). Verified empty on every live shell. A column literally
   named "where things live" is stored and shown to no one.
2. **`workspace` and `connections` are the same concept** — "where things live" —
   but only `workspace` is rendered, and it is thin free-text.
3. **The repo map is surfaced as a number, not a pointer.** `compose.py` reads
   `dr_filepath`/`dr_repo` and renders only counts into `## STATUS`. The actual
   "where things live" knowledge sits in `dr_filepath` and is reachable only if
   the shell elects to run `surface_catalogue`. The FIRST-RUN block tells a fresh
   shell *how* to read the map; that nudge vanishes once `bootstrapped=1`, leaving
   a returning shell with a count and no standing instruction.
4. **The docs count is misleading.** `## STATUS` shows `N ingested / M in repo`,
   where `M` counts *all* host-repo markdown (READMEs, PR/issue templates,
   CHANGELOG, and — in substrate-containing forks — embedded substrate assets).
   It can never reconcile with `documents` (only things ingested via `onboard`),
   so it always reads as a false "un-ingested" backlog.

The fix is a single **`## CONNECTIONS`** block that replaces `## WORKSPACE`,
backed by a **sectioned, described** view of the repo map. The shell sees *where
to start* at boot (UI here, API here, docs here) and queries *the leaves* (file
names + descriptions) only inside the one section it picked — one cheap query
deep, never a full preload.

## Goals

- A returning (already-bootstrapped) shell can answer "where does X live?" from
  the boot doc + one scoped query — without grepping blind or reading wrong files.
- One surface for "where things live." No dead column, no redundant pair.
- Per-file descriptions exist and are *curated* (single owner: the cartographer),
  never invented at render time, and survive the auto-remap that working shells
  trigger.
- Boot cost stays bounded and cache-stable; description detail is paid only on
  demand, inside a chosen section.

## Non-goals

- Typed semantic tables (`dr_api` / `dr_db` / `dr_page`). `dr_section` is the
  general navigational layer and replaces that deferred pass. Revisit only if a
  concrete need appears.
- Changing the base mapper''s file/dep/env extraction. This stage layers on top.
- Auto-generating descriptions with an ad-hoc LLM call. Descriptions are
  cartographer-authored content, not a render-time inference.

## Background — the current chain

```
DB (shell_db.db, gitignored cache; rebuilt from schema.sql + migrations/ + snapshot/content.sql)
  → compose.py :: compose_boot()   assembles the boot markdown
  → run.py                         dual-writes CLAUDE.md + AGENTS.md, exec''s the harness
dr_* map (separate): map_repo.py walks the host repo → dr_filepath / dr_dependency / dr_env / dr_repo
```

Key current facts this stage changes:
- `compose.py` renders `## WORKSPACE` from `shells.workspace`; `connections` is
  never read.
- `map_repo.py` does `DELETE FROM dr_filepath` then re-INSERTs on **every** run,
  and the git `post-checkout` hook runs it automatically (working shells, not the
  cartographer). Any authored column on `dr_filepath` is therefore destroyed on
  the next checkout unless explicitly preserved.
- `dr_filepath` columns today: `path, ext, lang, role, bytes, lines`. No
  description, no section.

## Design

### 1. `## CONNECTIONS` replaces `## WORKSPACE`

One block, three layers, top to bottom:

1. **Derived header** (rendered from facts, never authored):
   - "Need to find something? Look here first." → `surface_catalogue` /
     `dr_filepath`.
   - Repo root + branch + `mapped_at` (from `dr_repo`).
   - Shared-folder path: `<repo_root>/shared` (see §6).
2. **Section index** — the navigational core (from `dr_section`): one line per
   section — `name · location · file-count · one-line description`. This is the
   "UI here / API here / docs here" list.
3. **Authored notes** — the free-text `connections` column: wiring, services,
   deploy facts the map cannot derive ("prod deploys from `main` via CF Pages";
   "email OAuth spans these three files").

`shells.workspace` is dropped. Any existing workspace text migrates into the
authored `connections` notes layer.

**Division of responsibility (single source of truth):** the map owns raw paths;
`connections` notes own *meaning the map cannot derive*. Do not hand-author file
paths into the notes — that re-creates drift the section index already prevents.

### 2. `dr_section` — sectioned navigation (new table)

Authored, stable, small (~10–20 rows). **Not wiped** by the remap.

```sql
CREATE TABLE dr_section (
    section_id   INTEGER PRIMARY KEY AUTOINCREMENT,
    name         TEXT NOT NULL,          -- "API", "UI", "Docs", "Schema", …
    path_prefix  TEXT NOT NULL,          -- repo-relative prefix or glob the section covers
    description  TEXT,                    -- one line, what this area is
    sort_order   INTEGER NOT NULL DEFAULT 0,
    UNIQUE(name)
);
```

- Files join to a section **by path-prefix at query/render time** — `dr_section`
  stores no file IDs, so it never needs re-stitching when `dr_filepath` is wiped
  and repopulated. A new file the hook adds **auto-falls into its section** by
  path.
- **Seeded** from top-level directories on first map (non-empty index on day
  one); the cartographer renames / merges / re-describes (e.g. seed gives
  `shell_core` → cartographer splits into `API: shell_core/api`, `UI:
  shell_core/ui`).
- **Catch-all:** files matching no section render under an **"other /
  unsectioned"** bucket — never hidden. That bucket is the cartographer''s
  worklist ("a new area appeared; section it").

### 3. `dr_filepath.desc` — per-file descriptions

```sql
ALTER TABLE dr_filepath ADD COLUMN desc TEXT;   -- ≤100 chars, cartographer-authored
```

- Authored by the cartographer; `NULL` until described.
- **Never bulk-loaded at boot.** Queried only *within a chosen section*, via
  `surface_catalogue`. The boot doc carries the section index; the descriptions
  are the leaves the shell reaches for after it has narrowed to one section.

### 4. Surviving the auto-remap wipe (the core mechanic)

This is the make-or-break. `map_repo.py` must stop destroying authored content:

- Replace `DELETE FROM dr_filepath` + blind re-INSERT with an **UPSERT keyed by
  `path`** that **preserves `desc`** for paths whose content is unchanged.
- New or changed paths land with `desc = NULL`.
- Paths that disappeared from the repo are deleted (their `desc` goes with them —
  correct).
- `dr_section` is untouched by the mapper (authored content; the cartographer
  owns it). Section membership is recomputed for free by the prefix join.

Result: the automatic hook (working shells) keeps the file list fresh; authored
descriptions and sections persist; the cartographer fills gaps on its own cadence
and **never blocks the hook**.

**Worklists (queryable):**
- Undescribed files: `SELECT path FROM dr_filepath WHERE desc IS NULL ORDER BY role, path;`
- Unsectioned files: files whose path matches no `dr_section.path_prefix`.

### 5. Render: the section index, not the leaves

`compose.py` renders the section index (layer 2 above) — bounded by construction
(~10–20 sections), so boot cost is small and **cache-stable** (changes only when
sections change, not when files churn). Per-file descriptions are deliberately
*not* rendered at boot. The shell flow:

> need a doc → CONNECTIONS shows `Docs → docs_sc/, *.md` → query that section''s
> leaves → read one or two descriptions → open the right file.

Knows where to start and what to look for, without loading it all at the top.

### 6. Shared folder

`install` creates `<repo_root>/shared/` (a host-repo scratch/handoff dir). The
CONNECTIONS derived header states the path. Derived by convention (relative to
repo root) — not stored in a column.

### 7. Docs-count fix

Narrow the `## STATUS` docs denominator to *ingestable host-repo docs*:
- Exclude engine paths (already `.super-coder/%`) **and** embedded substrate
  assets in substrate-containing forks.
- Exclude non-ingestable markdown (PR/issue templates, CHANGELOG, license-style
  files) — or reframe the line so it does not imply "ingest all of these."

Goal: the ratio stops reading as a false "un-ingested" backlog.

### 8. Cartographer — two standing jobs

The cartographer flavor + skill gain explicit ownership of:
1. `dr_section` — author/curate sections (seed-refine), keep the catch-all empty.
2. `dr_filepath.desc` — fill descriptions, worklist-driven (`desc IS NULL`).

Both are best-effort and NULL-until-curated; neither blocks the auto-remap hook
that working shells trigger.

## Change surface (all engine-side, in the super-coder source repo)

| File | Change |
|---|---|
| `schema.sql` | add `dr_section`; add `dr_filepath.desc`; drop `shells.workspace` |
| `migrations/NNNN_*.sql` | additive migration for installed forks (new table + column; workspace handled per "Migration" below) |
| `scripts/map_repo.py` | DELETE+INSERT → UPSERT preserving `desc`; seed `dr_section` from top-level dirs |
| `render/compose.py` | `## CONNECTIONS` (header + section index + authored notes); drop `## WORKSPACE`; fix docs-count denominator |
| `scripts/install.py` | create `<repo_root>/shared/` |
| `assets/shells/cartographer.*` / cartographer SKILL | add the two jobs + worklist queries |
| `snapshot/content.sql` | regenerated via `./sc snapshot` (shell content: connections notes, sections) |
| reseed migration | so already-installed forks pick up the schema + cartographer-asset changes |

## Migration & fork reseed

- New table + new column are additive — straightforward forward migration.
- Dropping `shells.workspace`: SQLite requires table-rebuild for a true `DROP
  COLUMN` (or leave the column unused and stop rendering it). Decide at
  implementation time; leaving it unrendered is the lower-risk path and can be
  cleaned up later.
- The cartographer asset/skill edits need a **reseed migration** (the
  asset-content sync path) so existing forks pick up the new behavior on
  `./sc update`, not just fresh installs.
- This is engine work, done in the super-coder source repo — never patched into a
  fork''s `.super-coder/` directly (a fork''s engine is checkout-scoped on update;
  in-place edits are clobbered or silently diverge).

## Token economics (why this shape)

- The boot doc is the system prompt — **prompt-cached** and stable between map
  changes. A bounded section index is one cheap cache-stable cost.
- Per-file descriptions, if preloaded, would be a large recurring cost (hundreds
  of files × ~25 tokens) and would churn the cache on every auto-remap. Querying
  them inside a chosen section pays detail cost only when needed.
- Wrong-file reads are *uncacheable churn* (fresh tokens every time + polluted
  context). The section index + on-demand descriptions trade a small stable boot
  cost for fewer wrong reads — net win over a session.

## Decisions settled

- **CONNECTIONS replaces WORKSPACE** — one "where things live" surface; the dead
  `connections` column gets a render; `workspace` retired.
- **`dr_section` (general, authored) over typed semantic tables** — defer
  `dr_api`/`dr_db`/`dr_page`.
- **Descriptions are cartographer-authored and preserved across remap** — not
  render-time inference, not wiped by the hook.
- **Render the section index, not the leaves** — boot loads where-to-start;
  descriptions are queried on demand inside a section.
- **Sections are seeded from top-level dirs, then curated** — non-empty on day
  one; catch-all bucket keeps the index complete.

## Open questions

- Exact `dr_section` seeding heuristic (top-level dirs only, or first two levels
  for nested layouts like `shell_core/{api,ui}`?).
- Whether to surface an undescribed/unsectioned count in `## STATUS` to ping the
  cartographer sooner (vs. leaving it as a quiet worklist).
- Whether to true-`DROP` `workspace` (table rebuild) now or leave it unrendered
  and clean up in a later structural pass.

## Out of scope (later)

- Typed semantic tables (`dr_api`/`dr_db`/`dr_page`).
- Semantic descriptions of *symbols* (functions/classes) — this stage is
  file-level.
- Cross-repo sections (multi-repo shells) — current model is one shell, one repo.
', 'specs_sc/b5-repo-navigation.md', '2026-06-05 23:27:12', '2026-06-05 23:27:12');
INSERT INTO documents (document_id, feature_id, kind, seq, title, frozen, frozen_date, body, render_path, created_at, updated_at) VALUES (3, 10, 'spec', 1, 'B7 — Engine/Fork Separation & Update Lifecycle', 0, NULL, '---
title: B7 — Engine / Fork Separation & Update Lifecycle
tags: [super-coder, spec, B7, fork, engine, update, rollback, migrations, lifecycle]
date: 2026-06-07
project: super-coder
purpose: Make a fork treat the engine as a gitignored downstream dependency and its DB as the one preserved artifact — so shells stop confusing the substrate for the project, and updates become snapshot→migrate with a sound rollback.
---

# B7 — Engine / Fork Separation & Update Lifecycle

> Stage spec for a new pillar. Forks are **downstream variants**: all change
> flows *down* from the super-coder source repo, nothing flows back up. The only
> per-fork artifact that must survive is the fork''s **DB (its memory)**. This
> spec stops a fork''s shells from mistaking the engine for the project, and
> defines a snapshot→migrate→rollback update lifecycle around the DB.

## Overview

Shells in a fork keep referencing the super-coder engine''s DB and `schema.sql`
instead of the host repo they are meant to build — they confuse the **substrate
they run on** with the **project they work on**. A QAQC of the boot + git
surfaces found the cause is *not* where the boot artifact renders (it already
renders at the host root and boots with `cwd` = host root). It is two things:

1. **The engine is committed into the host repo.** A fork vendors ~60+ engine
   files under `.super-coder/` into its own git history. `git status` / `git log`
   / `git diff` — a shell''s primary "what am I working on" signal — surface
   engine churn mixed with project work, and the engine tree (`schema.sql`,
   `run.py`, `api/`, `ui/`) reads as a codebase to edit.
2. **Nothing draws the project/engine line.** The boot doc leads with
   engine-memory pointers (`.super-coder/shell_db.db`, `schema.sql`) and never
   says, on the always-loaded path, "this repo is your project; `.super-coder/`
   is the engine you run on, not your code."

The fix follows from the downstream-variant model. If updates only ever flow
down and nothing flows up, the engine is a **dependency**, not fork-owned
source — so it should be **gitignored and materialized from upstream**, exactly
like `node_modules/` or `.venv/`. That single move also *is* the conceptual fix:
a shell treats a gitignored `.super-coder/` as not-its-project automatically,
the same way it already ignores `node_modules/`. The one thing a fork must
preserve — its DB — is then handled by an explicit `make update` (snapshot →
migrate) and `make rollback` (restore) lifecycle.

## Goals

- A fork''s git surfaces show **only the project**, never engine churn.
- The engine is a **materialized dependency** pinned to an upstream ref, not
  vendored source in the fork''s history.
- The fork''s **DB/memory is the one preserved artifact**, with a durable
  git-tracked serialization and an ephemeral pre-update restore point.
- `make update` = snapshot → migrate, automatically and safely (it largely
  exists already in `./sc update`).
- `make rollback` = a **sound** undo of a bad update — restoring the DB *and*
  the engine version together, because engine code is read live.
- One always-loaded line in the boot doc that names the project/engine split.

## Non-goals

- Per-step down-migrations (reversible `up()`/`down()` SQL). Rollback is a
  whole-restore, not a schema-reversal — see *Decisions settled*.
- Any upstream flow from forks (PRs, contributions back to super-coder). Forks
  are variants; engine changes are authored in the source repo only.
- A submodule for the engine (evaluated and dropped — see *Decisions settled*).
- Changing where the boot artifact renders or what `cwd` a shell boots in —
  both are already correct.

## Background — the current chain

What already works and must be preserved:

- **Boot artifact location.** `CLAUDE.md` / `AGENTS.md` / `opencode.json` render
  at the **host repo root** and are already gitignored. `./sc boot` execs the
  harness with `cwd` = repo root (`-w "$here"`). The engine lives in
  `.super-coder/`.
- **DB is derived, text is canonical.** `.super-coder/shell_db.db` is gitignored
  and rebuilt from `schema.sql` + `migrations/` + `snapshot/content.sql`.
  `snapshot/content.sql` (per-instance tables dumped by `./sc snapshot`) is the
  git-tracked source of truth for a fork''s memory.
- **Update is already snapshot-then-migrate.** `./sc update` (update.py):
  (1) fetch + `git checkout super-coder/<branch> -- <ENGINE_PATHS>`,
  (2) `rebuild.backup_existing()` → timestamped binary copy
  `shell_db.prerebuild.<ts>.db` (restore point),
  (3) migrate **in place**, ledger-tracked (only un-applied migrations; all rows
  preserved), (4) sync skills catalogue (id-stable UPSERT), (5) re-grant common
  skills, (6) wire hooks + map + snapshot.
- **Migrations are the propagation channel.** New skills, boot-render changes,
  schema changes all arrive as migrations + a skills-seed sync.

What is wrong:

- The engine is **git-tracked in the fork** (the update channel is implemented as
  a `git checkout` into the same tree, which assumes tracked paths). This is the
  root of the confusion and the history pollution.
- **Per-fork state lives *inside* the engine dir** — `snapshot/content.sql` (the
  DB source of truth) and `map.config.json` (per-fork cartographer tuning) sit
  under `.super-coder/`. They only "need the engine tracked" because of where
  they happen to live.

## Design

### 1. Mental model: the engine is a dependency

`.super-coder/` is a **materialized runtime dependency**, not fork source. It is
fetched from the super-coder upstream at install, refreshed on update, and never
committed to the fork. The fork commits *what it owns* — its project, plus its
own memory serialization and a pin recording which engine version it runs.

### 2. Relocate per-fork state out of the engine dir

Move fork-owned, must-persist state out of `.super-coder/` into a host-tracked
state dir (proposed `.sc-state/`):

| Moves to `.sc-state/` (git-tracked) | Stays in `.super-coder/` (gitignored) |
|---|---|
| `content.sql` — the DB serialization (memory) | `shell_db.db*` — live DB (derived) |
| `map.config.json` — per-fork map tuning | `schema.sql`, `migrations/`, `scripts/`, `api/`, `ui/`, `templates/`, `adapters/`, `render/`, `hooks/`, `assets/skills/` — engine |
| `engine.ref` — the engine version pin (new) | `instance.json` — derived ports (already gitignored) |

This relocation is the one real cost, and it is **required by any** engine/fork
separation (submodule or gitignore alike): a fork''s memory cannot live inside a
dir that is replaced wholesale from upstream. Path references update in
`run.py`, `rebuild.py`, `snapshot.py`, `update.py` (and anywhere else
`snapshot/content.sql` / `map.config.json` are named).

### 3. The engine pin — `.sc-state/engine.ref`

A tiny tracked file recording the upstream commit SHA the fork is materialized
at. Written by `make update` after a successful fetch. It is (a) the fork''s
version record and (b) the engine half of a sound rollback (§6). One SHA, not a
vendored tree.

### 4. Gitignore the engine

Add `/.super-coder/` to the fork''s `.gitignore` (keeping the existing explicit
ignores for the live DB redundant-but-harmless). The tracked bootstrap surface
the fork keeps is only: `sc` (the dispatcher), the `Makefile`, `.gitignore`, and
`.sc-state/` (memory + pin). `./sc install` materializes `.super-coder/` from
upstream on a fresh clone; `make update` keeps it current.

### 5. `make update` — snapshot → migrate (mostly exists)

`make update` → `./sc update`, rewritten so the engine arrives by **fetch +
materialize into the gitignored dir** (copy from a fetched ref) instead of
`git checkout -- <paths>` + commit. Flow:

1. Capture a **restore point** (§6): `backup_existing()` DB copy **+** record the
   *current* `engine.ref` as `engine.ref.prev`.
2. Fetch upstream; materialize `.super-coder/` at the new ref; write the new
   `engine.ref`.
3. Migrate in place (ledger-tracked) — unchanged.
4. Sync skills, re-grant, map, snapshot — unchanged.

No commit step for the engine (it is ignored). The fork commits only `.sc-state/`
changes (refreshed `content.sql` + bumped `engine.ref`).

### 6. `make rollback` — a *sound* pair-restore (new)

The subtlety: **engine code is read live every session**, and a migration exists
*because new code expects the new schema*. Restoring only the DB would leave new
engine code running against the old schema. So a restore point is a **pair** and
rollback restores both:

`make rollback` → `./sc rollback`:

1. Back up the *current* (post-bad-update) DB first, so rollback is itself
   reversible — you can never lose state by rolling back.
2. Restore the DB from the most recent `shell_db.prerebuild.<ts>.db`.
3. Re-materialize the engine at `engine.ref.prev`; restore `engine.ref`.
4. Checkpoint/clear `-wal`/`-shm`.

Whole-restore, not down-migration. The only data lost is anything written
*between* the update and the rollback — a seconds-wide window in practice
("migrated, it broke, rolled back").

### 7. Boot doc — the always-loaded project/engine line

One short block near the top of `templates/boot.md` (a render-chain edit, gated
on owner OK):

> **Your project is this repo** — everything except `.super-coder/`.
> `.super-coder/` is the **engine** you run on (your memory + identity
> substrate), a gitignored dependency — do not treat it as the project or edit
> it. Engine changes are authored upstream in super-coder, never here.

Plus a one-line guardrail in the `git-workflow` skill: operate on the project,
never the engine.

## Change surface (all engine-side, in the super-coder source repo)

- `rebuild.py`, `snapshot.py`, `run.py`, `update.py` — repoint `content.sql` and
  `map.config.json` to `.sc-state/`; add `engine.ref` read/write.
- `update.py` — swap the engine `git checkout` for fetch-and-materialize; capture
  `engine.ref.prev`; write `engine.ref`.
- New `scripts/rollback.py` — pair-restore (DB backup + engine ref).
- `sc` — add `rollback` dispatch; keep `update` (now materialize-based).
- `Makefile` (fork-facing) — `update` and `rollback` targets wrapping `./sc`.
- `.gitignore` (fork template) — ignore `/.super-coder/`.
- `install.py` — materialize `.super-coder/` from upstream on fresh clone;
  initialize `.sc-state/`.
- `templates/boot.md` — project/engine block (**owner-gated render-chain edit**).
- `git-workflow` skill — one-line guardrail.

## Migration & fork reseed

- **State relocation migration**: move `snapshot/content.sql` →
  `.sc-state/content.sql` and `map.config.json` → `.sc-state/map.config.json` on
  first `make update` after this ships; leave a one-release shim that reads the
  old path if the new is absent.
- **Engine untrack**: `git rm -r --cached .super-coder` in a fork once, then the
  new `.gitignore` keeps it out. The working tree is untouched (files stay; only
  git stops tracking them).
- **Proving ground**: land it on the super-coder source repo, then exercise the
  full `make update` / `make rollback` cycle on the **dos-arch** fork before
  calling it done (it carries a legacy substrate too — the sharpest test of "is
  the project clearly the project").

## Decisions settled

- **Gitignore the engine, not submodule it.** Submodule adds ceremony (detached
  HEAD, `--recursive` clones, gitlink churn) and still requires the same state
  relocation. The dependency/gitignore model is simpler *and* self-documents the
  project/engine split.
- **Engine is tracked nowhere in the fork.** The only reasons to track it
  (update channel, memory persistence, version pin, local edits) are each
  satisfied without it: update → fetch/materialize; memory → `.sc-state/`;
  version → `engine.ref`; local edits → not allowed (forks are downstream).
- **Rollback = whole-restore, not down-migrations.** Zero reverse-SQL to author,
  never surprisingly lossy, always works. Down-migrations are a maintenance tax
  and lossy on column drops — overkill for a single-writer fork DB.
- **Rollback restores the (DB + engine) pair.** Because engine code is live,
  DB-only rollback yields new-code-on-old-schema. The `engine.ref.prev` pin is
  what makes rollback sound.
- **Two preservation artifacts, distinct jobs.** `.sc-state/content.sql` (text,
  tracked) = preserve the fork forever (portable, diffable, survives a fresh
  clone). `shell_db.prerebuild.<ts>.db` (binary, ignored) = undo this one update.

## Open questions

- State dir name/location: `.sc-state/` vs folding into an existing tracked dir.
- Backup retention: how many `prerebuild.*.db` to keep before pruning.
- Should `make update` auto-rollback on a migration *failure* (vs leaving it for
  a manual `make rollback`)? Default here is manual; auto-on-failure is a small
  add.
- Fresh-clone bootstrap UX: does `make update` imply `./sc install` when
  `.super-coder/` is absent, or stay separate verbs?

## Out of scope (later)

- Multi-engine / pinned-channel forks (a fork tracking a non-`main` engine line).
- Signed/verified engine fetches.
- A `make doctor` check that the engine ref matches what migrations expect.
', 'specs_sc/b7-engine-fork-separation.md', '2026-06-07 13:25:16', '2026-06-07 13:25:16');
INSERT INTO documents (document_id, feature_id, kind, seq, title, frozen, frozen_date, body, render_path, created_at, updated_at) VALUES (4, 11, 'spec', 1, 'Dev shell git worktrees — implementation spec', 1, '2026-06-11', '# Dev shell git worktrees

## Problem

Multiple dev shells sharing one git tree clobber each other — one shell''s
`git checkout` or `git restore` undoes another shell''s uncommitted work. The
fix is structural: each dev shell owns its own worktree.

## Solution

Use `git worktree` — same repo, multiple checked-out branches, separate
directories. Lightweight: shared object store, no clone overhead.

## Path convention

`<parent>/<repo>-<shortname_lower>/`
e.g. `~/dos-arch-dev1/`, `~/dos-arch-dev2/`

## Surfaces to change

### 1. Schema — `0013_dev_worktrees.sql`
ADD COLUMN `worktree_path TEXT` to `shells`. Nullable — only dev shells get it.

### 2. `shell_factory.py`
After inserting a dev shell:
```python
worktree_path = REPO_ROOT.parent / f"{REPO_ROOT.name}-{shortname.lower()}"
subprocess.run(["git", "-C", str(REPO_ROOT), "worktree", "add",
                str(worktree_path)], check=True)
con.execute("UPDATE shells SET worktree_path=? WHERE shell_id=?",
            (str(worktree_path), shell_id))
```
Non-dev flavors: skip. Branch: start on main, let the shell branch when it
picks up work.

### 3. `run.py` (launcher)
Read `worktree_path` from the shells row at launch. If set, cd into it before
exec''ing claude. The shell''s cwd IS its tree.

### 4. Boot template (`shell_system_prompt.md` / `boot.md`)
Render `worktree_path` in the WORKSPACE block for dev shells:
`Worktree: <path>  (main repo object store: <REPO_ROOT>)`

### 5. `git` skill
Add: "Dev shells operate from their worktree (`shells.worktree_path`). All git
work runs there. The main repo root is the object store only — do not cd into
it for day-to-day work."

### 6. Shell deletion cleanup
Wherever shell deletion is handled, add:
```bash
git -C <REPO_ROOT> worktree remove <worktree_path> --force
git -C <REPO_ROOT> worktree prune
```

## Out of scope (this spec)

- Reviewer/planner worktrees — they are git read-only; shared tree is fine
- `./sc worktree-list` command — nice to have, not needed for v1
- snapshot.py changes — snapshots are DB-level, not tree-level; no change needed

## Done condition

A new dev shell created via `./sc init` or the GUI has a worktree at the
expected path. Launching that shell opens claude with cwd = worktree path.
Two dev shells can be launched simultaneously on different branches without
touching each other''s uncommitted work.', 'specs_sc/dev-worktrees.md', '2026-06-11 00:15:53', '2026-06-11 00:15:53');
INSERT INTO documents (document_id, feature_id, kind, seq, title, frozen, frozen_date, body, render_path, created_at, updated_at) VALUES (5, 12, 'spec', 1, 'Dev shell live UI preview — implementation spec', 0, NULL, '# Dev shell live UI preview

## Problem

Dev shells each own a git worktree (`.sc-worktrees/<shortname>/`) — see
[dev-worktrees](dev-worktrees.md). That isolates *edits*, but it breaks
*viewing*: the fork''s dev server runs from the main checkout, so a shell''s UI
changes — made in its worktree — never show on the live dev server. Pointing the
one dev server at a single worktree would just clobber the isolation the
worktrees exist to provide, and two shells previewing at once would fight over
one port.

## Solution

One router on the fork''s `dev_port` that fans out to a per-worktree vite, routed
by **subdomain**:

    http://dev1.localhost:<dev_port>/      dev1''s worktree UI, live (HMR)
    http://dev2.localhost:<dev_port>/      dev2''s worktree UI, live (HMR)
    http://localhost:<dev_port>/           index of available shells

`*.localhost` resolves to 127.0.0.1 on modern systems — no hosts-file or DNS
setup. Each worktree''s vite runs at root on a private internal port; the router
reads the `Host` header and proxies to the matching backend.

### Why subdomain, not path-prefix (`:port/dev1/...`)

The fork UIs are SvelteKit with SSR server routes (the same-origin `/api/*`
trust seam is a real server route). Serving several apps under one port by
**path prefix** would force every app to emit `/dev1/`-prefixed URLs — i.e.
`kit.paths.base`, an app-wide build-time setting baked into every internal link
*and* the `/api` seam — injected per-shell into each fork''s committed config,
plus an HMR-behind-prefix dance. **Subdomain** sidesteps all of it: each
subdomain is a distinct origin, so the app serves from root unchanged — no base
config, `/api` seam intact, native HMR.

### Why per-connection routing works

A browser keeps one TCP connection per origin, so the first `Host` seen on a
connection is its route for life. The router reads the request header block,
picks the backend, then splices raw bytes both directions — HTTP keep-alive and
websocket upgrades (HMR) flow through untouched, no per-request reparsing.

## Surfaces

### 1. `preview.py` (`./sc preview`)
Discovers `.sc-worktrees/*` with a UI dir; for each: symlinks the main
checkout''s `node_modules` into the worktree UI (same repo + lockfile → valid),
best-effort `git submodule update --init`, writes a generated sidecar vite
config (`.sc-preview.vite.config.js`, gitignored under `.sc-worktrees/`) that
extends the worktree''s own config with `allowedHosts: [''.localhost'']` and
`hmr.clientPort = dev_port` (so the HMR client dials the front port, not the
private one), then launches `vite dev` on a free internal port. An asyncio
proxy on `dev_port` routes by `Host` subdomain label. A 5s reconcile loop picks
up new worktrees and reaps removed ones — dynamic, no restart.

Binds `$SC_BIND` (0.0.0.0 in the sandbox so the published port is reachable;
127.0.0.1 on the host). Front port is `$SC_DEV_PORT` if set (the sandbox
publishes it) else the repo-derived `dev_port`. Binds the front port first, so a
clash (e.g. the sandbox already publishes `dev_port`) fails fast with guidance
instead of spawning vites it would have to reap.

### 2. `sc` — `preview)` dispatch + help line.

### 3. `post-commit` hook
Fires via `core.hooksPath`. On a commit from a worktree
(`*/.sc-worktrees/*`), prints `→ preview: http://<shortname>.localhost:<dev_port>/`.
Silent on the main checkout. Best-effort — never blocks the commit.

### 4. `git` skill
A note so the shell surfaces the printed preview URL to the FnB after committing
UI work, and starts `./sc preview` if it isn''t already up.

## Runtime model

`./sc preview` is meant to run where the shells run: inside the sandbox
container `dev_port` is free (the publish maps it out to the host), so the router
binds it there and `http://<shortname>.localhost:<dev_port>/` is reachable from
the host browser. On a pm2/host fork, run it on the host where `dev_port` is
free. It is long-lived (one per fork) and reaps its vites on Ctrl-C.

## Out of scope (this spec)

- A pm2/supervised long-run wrapper — run it in the foreground or background it.
- HTTPS / non-`.localhost` hostnames — dev-only, plain HTTP.
- Reviewer/planner shells — git read-only, no UI to preview.

## Done condition

With two dev-shell worktrees that carry a UI, `./sc preview` serves each at
`http://<shortname>.localhost:<dev_port>/` — independent content per branch,
assets and the `/api` seam intact, and HMR live (a `101 Switching Protocols`
through the router). Committing in a worktree prints that worktree''s preview URL.
', 'specs_sc/dev-preview.md', '2026-06-11 05:14:10', '2026-06-11 05:14:10');
INSERT INTO documents (document_id, feature_id, kind, seq, title, frozen, frozen_date, body, render_path, created_at, updated_at) VALUES (6, 13, 'spec', 1, 'agents — delegated waves', 0, NULL, '---
title: agents — delegated waves
tags: [skill, orchestration, dev, reviewer]
date: 2026-07-06
project: super-coder
purpose: Agent-delegation skill for dev + reviewer
---

# `agents` — delegated implementation & review

## Overview

One new engine skill, `agents`, granted to the **dev** and **reviewer**
flavors. Invoked by the FnB as `--agents [model]`, it lets the parent shell
delegate work to spawned subagents: implementer waves when executing a spec,
adversarial finding-panels when reviewing a diff.

It is written as an **overlay** on the existing `spec` and `review` skills —
it states only what changes when agents are in play, and never restates their
procedure. Everything upstream and downstream (loading the spec, task
tracking, flags, the FnB handoff gate) is byte-for-byte the base skill.

> [!class1]
> Design stance: the skill constrains **structure** (contract, checkpoints,
> ledger, timeout floor); the parent model decides **scale and content**
> (agent count, batching, prompts, worker tier) per the session''s demands.
> Session demands vary; the parent is the judge.

Explicitly **not** a workflow-script system: no deterministic orchestration
scripts. The parent spawns agents directly and stays in the loop between
every wave. A shell must not "upgrade" this to scripted workflows.

## Problem

- A dev shell executes spec tasks strictly one at a time; independent tasks
  serialize even when they touch disjoint surfaces.
- A reviewer reads a large diff alone; breadth costs depth on the three axes.
- Generic multi-agent workflows exist in the claude harness, but they are
  uncontrolled for our system: agents could write memory, open flags, push
  git — bypassing the parent-adjudication and FnB gates that keep the shared
  DB coherent.
- Stale spawn state (a resumed or compacted session finding an old "agents
  out" note) can accidentally re-trigger agents against a moved tree.

The skill exists to make delegation available **inside** the system''s
discipline, with retrigger protection spelled out mechanically.

## The contract

Four rules, shared by both modes. These are the skill''s core and are
non-negotiable.

1. **The parent is the only memory writer.** Agents never run `sc mem` — no
   task status, no flags, no messages, no current_state, no narrative — and
   never `git push`, open PRs, or message shells. They return diffs and
   findings; the parent adjudicates and records. This preserves the
   reviewer''s FnB handoff gate untouched.
2. **Prompt ingredients, not canned prompts.** The skill lists what every
   agent prompt must carry — the spec excerpt / done-condition, exact file
   paths, the fork''s conventions, the deadline line (see Spawn ledger), and
   a required return shape. The parent composes each prompt fresh.
3. **Isolation by role.** Parallel implementers each get an isolated
   worktree (writers never share a tree — same principle the dev-worktrees
   feature shipped for shells). Reviewer/checker agents are read-only and
   need none.
4. **Agent claims are inputs, not results.** The parent re-runs the real
   check itself (`./sc test`, lint, the done-condition) before marking
   anything done. "Agent says tests pass" is not verification.

## Dev mode

Overlay on `spec` **Step 4** (Track). After the task plan exists:

1. Classify pending tasks into **dependency waves** — independent tasks may
   run in parallel; dependent tasks sequence. (Use `blueprint` for the
   dependency read; don''t reimplement it.)
2. Per wave: run the ledger check (see Spawn ledger & validity) → mark each
   wave task `in_progress` → spawn one implementer per task (worktrees if
   more than one) → on each returned diff, spawn checker agent(s) prompted
   to **refute** it → adjudicate, apply, run the real tests → `task done` →
   update current_state → next wave.
3. One wave live at a time.

```linear
Ledger check :::class1 -> Spawn wave :::class2 -> Adjudicate + verify :::class2 -> Tasks done :::class3 -> Next wave :::class1
```

Stance amendment, stated in the skill: `spec`''s "one task at a time" becomes
"one **wave** at a time" under `--agents`. Each task is still independently
verified before it is marked done — the spirit holds.

## Review mode

Overlay on `review` **Step 2** (the three axes). Steps 1, 3, 4 — diff+spec
load, flags, the FnB gate — are unchanged, and agents never open flags.

1. Ledger check, then fan out **one agent per axis** (code quality / edge
   cases & gaps / spec conformance) **plus one per applicable lens** from
   the base skill''s lens table, each read-only, each returning candidate
   findings in a fixed shape:
   `file:line · claim · severity · how to reproduce`.
2. The parent dedupes, optionally spawns a skeptic per uncertain finding
   (prompted to refute it), and adjudicates every survivor itself.
3. Proceed to base Step 3 with the adjudicated findings. The agents widen
   the search; the Reviewer remains the gate.

## Monitoring

Agents cannot self-report (rule 1) — monitoring is the parent''s checkpoint
discipline, written to surfaces the FnB already watches. No new surface, no
GUI change.

| Surface | What it shows |
|---|---|
| `spec_tasks` | live board: wave tasks flip `in_progress` at spawn, `done` at adjudication — GUI Tasks tab renders it |
| `current_state` | the in-flight `AGENTS` ledger line (see below), rewritten at every wave boundary |
| narrative | one line per inflection: wave landed, timeout, checker refuted an implementation |
| on demand | "status?" from the FnB → parent inspects running agents'' output, answers in two lines |

Honest limitation, stated in the skill: mid-task granularity inside a single
agent is only visible via the parent inspecting its output on demand. There
is no per-agent progress bar — giving agents a write surface would break
rule 1.

## Timeouts

The parent sets a timeout per agent at spawn, sized to the task, and records
it in the ledger line — the budget is visible, not private.

At expiry: inspect the agent''s partial output → stop it → either respawn
with a **narrower** prompt (timeout usually means the prompt was too broad)
or take the task inline.

> [!class4]
> **Two-strike rule:** a task whose agent times out twice is done inline by
> the parent, full stop. No respawn loops. Every timeout gets a narrative
> line — timeouts are signal about the plan''s granularity.

## Spawn ledger & validity

The retrigger guard. This section lands in the skill as a **verbatim
mechanical block** — the spawning model executes it, it does not reason
about it.

**The ledger** is a single line embedded in current_state (one wave live at
a time → one line is the complete record):

```
AGENTS wave=2/3 spawned=2026-07-06T14:32Z timeout=30m out=task4,task5
```

Review mode uses the same format with axis/lens names in `out=`. The parent
stamps it at spawn (UTC, from the clock — never recalled from context) and
removes it at wave close.

**The check** — runs before ANY spawn and before acting on ANY agent
result. No exceptions, no interpretation:

```
1. Read current_state.
   No AGENTS line → you may spawn. Write the AGENTS line, spawned=<now UTC>,
   in the same act.
2. AGENTS line present → age = now(UTC) − spawned.
3. age > 6h → the wave is DEAD. Unconditionally:
   a. Stop any agent still running.
   b. Discard their output UNREAD — do not apply, adjudicate, or "just
      check" it, even if it looks correct.
   c. Reconcile spec_tasks against reality: a task is done only if its diff
      is on the branch and verification passes NOW.
   d. Remove the AGENTS line; narrative: "wave expired (spawned <ts>);
      reconciled <n> tasks".
   e. Only now may current-session judgment start a NEW wave — fresh spawn,
      fresh timestamp.
4. age ≤ 6h → the wave is LIVE:
   - agents running → monitor; never spawn a duplicate for anything in out=
   - agents not running (prior session died) → their tasks revert to
     pending; respawning is a NEW wave: rewrite the AGENTS line with a
     fresh timestamp first, after checking no orphan diff already landed.
```

**In-agent backstop** — every agent prompt carries its deadline verbatim:

```
Your deadline is <spawned + timeout>. Past it, stop and return partial
results. If the current time is after <spawned + 6h>, do no work — return
immediately.
```

> [!class4]
> Step 3b is deliberate: expired output is discarded even when it looks
> correct — "looks correct" six hours later against a moved tree is exactly
> the trap. Step 3c recovers anything real: a diff that genuinely landed and
> verifies passes reconciliation as done. Stale ledger text is never
> evidence.

The 6-hour window is a hard constant. The parent chooses timeouts freely
under it; nothing extends it.

## Harness & models

- **Harness:** subagent tooling exists in the claude harness only. The skill
  states: no subagent tooling in your harness → this skill is inert; run the
  base `spec` / `review` procedure. No grant gating needed.
- **Models:** the skill text names **zero** models and no tier tables.
  `--agents [model]` passes the worker tier through verbatim to the harness;
  no arg → agents inherit the parent''s model. Guidance is one line: heavier
  judgment work warrants a heavier worker; the parent may bump a single
  agent''s tier when a task is judged hard. (Operationally we run Anthropic
  models only for now — an informal fact, kept out of skill text so it can''t
  go stale.)

## Surfaces to change

1. **Migration `00XX_agents_skill.sql`** — INSERT the `agents` row into
   `skills` (category `craft`, full skill body in `content`); INSERT
   `shell_skills` grants for existing shells with `flavor IN
   (''dev'',''reviewer'')`.
2. **Flavor templates** — add `"agents"` to the `skills` arrays of
   `templates/shells/dev.json` and `templates/shells/reviewer.json` (new
   shells).
3. **Reseed pointers** — same migration reseeds `spec` (one line at Step 4)
   and `review` (one line at Step 2): "if granted `agents` and the FnB
   invokes `--agents`, its overlay applies here."
4. **Render** — `sc render` emits `skills_sc/agents.md`; snapshot per the
   normal pipeline.

No schema change, no new tables, no API change, no GUI change.

## Done condition

- `agents` skill row seeded; body carries: the four contract rules, both
  mode overlays, the monitoring table, the timeout rules, and the verbatim
  ledger check + in-agent backstop.
- Existing dev/reviewer shells hold the grant; new ones get it from the
  templates.
- `spec` and `review` carry their one-line overlay pointers.
- `skills_sc/agents.md` renders; migration applies cleanly on a fork via the
  standard update path.
', 'specs_sc/agents-skill.md', '2026-07-06 15:08:47', '2026-07-06 15:08:47');
INSERT INTO documents (document_id, feature_id, kind, seq, title, frozen, frozen_date, body, render_path, created_at, updated_at) VALUES (7, 14, 'spec', 1, 'Sprint eventing — daemon + headless boot', 1, '2026-07-13', '---
title: Sprint eventing — daemon + headless boot
tags: [sprints, messaging, daemon, orchestration, cross-provider]
date: 2026-07-12
project: super-coder
purpose: Event-driven sprint coordination
---

# Sprint eventing — GitHub→inbox daemon + headless worker boot

## Overview

Sprints currently coordinate by polling: every participant runs its own PR
tracker against GitHub, and a test that goes green sits unseen until the next
poll fires — in practice a ~10-minute delay per transition, multiplied across
every unit in the chain. This spec replaces that with an event-driven loop
built on the surface we already trust: the `shell_messages` bus.

Four pieces, one direction of flow:

1. **Message kinds** — a `kind` column on `shell_messages` so the trail is
   filterable: `shell` (default), `task`, `result`, `pr_event`.
2. **GitHub watcher daemon** — ONE poller for the whole fork. Watches
   registered PRs, translates transitions (checks concluded, review submitted,
   merged/closed) into `pr_event` rows addressed to the owning shell.
3. **Headless boot** — `./sc run <shortname> [-p "<prompt>"] [--harness <h>]
   [-m <model>]`: boot a shell non-interactively to drain its inbox and act,
   on any matrix harness (claude · codex · opencode). Workers become
   ephemeral, per-task sessions.
4. **Inbox watcher** — a zero-token blocking watcher armed in the planner''s
   live session; wakes it the moment any message row lands.

Plus one governance seam the declaration gains: a two-question **model &
provider interview** (devs, reviewers) whose answers ride the sprint doc and
parameterize every `sc run` of the sprint.

> [!class1]
> Design constraint (FnB, 2026-07-12): every instruction and result flows
> through `shell_messages` rows — the durable, queryable data trail is a
> first-class requirement and the stated reason this is built on the message
> bus rather than harness-internal agent orchestration.

## Problem

Three costs in the current sprint shape — the first is the one driving this
spec:

- **Context burn.** A tracker poll is not free: every scheduled wake is a
  full harness turn, and a turn re-submits the shell''s entire accumulated
  context — boot doc, code reads, the whole session so far — to the provider
  to learn, usually, that nothing changed. A sprint parks dev and reviewer
  shells on watch all night: N shells × a wake every ~10 minutes × a full
  context window each is a token bill that scales with idle hours, not with
  work. Long-lived dev sessions compound it — context grows at code density
  across the sprint, and every poll re-pays the ever-larger window.
- **Latency.** Each shell''s tracker polls on its own schedule. A green CI run
  waits for the next poll; a chain of N units pays that delay N times.
- **Redundancy.** Every participant polls GitHub separately — N shells, N
  pollers, N credentials exercised, for the same event stream.

The planner is the exception, deliberately: it manages — reads messages,
writes messages, boots workers — and never loads code. Its context grows at
coordination density. It stays long-lived; workers don''t.

## Message kinds

Additive migration on `shell_messages`:

```sql
ALTER TABLE shell_messages ADD COLUMN kind TEXT NOT NULL DEFAULT ''shell''
  CHECK (kind IN (''shell'',''task'',''result'',''pr_event''));
```

- `shell` — ordinary shell-to-shell mail (today''s traffic; the default keeps
  every existing row and writer valid).
- `task` — planner → worker instruction. The kickoff messages the sprint
  skills already send become `task` rows.
- `result` — worker → planner completion report.
- `pr_event` — daemon → shell GitHub transition.

`sc mem message send` grows `--kind` (default `shell`); `check` output shows
the kind. The sprint trail becomes one query:
`SELECT * FROM shell_messages WHERE kind != ''shell'' ORDER BY created_at`.

## Watched PRs + daemon

New table — the subscription registry and the daemon''s diff state in one:

```sql
CREATE TABLE watched_prs (
    watch_id       INTEGER PRIMARY KEY AUTOINCREMENT,
    repo           TEXT    NOT NULL,          -- owner/name
    pr_number      INTEGER NOT NULL,
    shell_id       INTEGER NOT NULL REFERENCES shells(shell_id),
    last_seen      TEXT,                      -- JSON: checks/review/state fingerprint
    created_at     TEXT    NOT NULL DEFAULT (datetime(''now'')),
    closed_at      TEXT,                      -- set on merge/close; NULL = live
    UNIQUE (repo, pr_number, shell_id)
);
```

**Registration** is explicit, never inferred from branch names:

- `./sc watch pr <owner/repo> <n> [--shell <shortname>]` — manual; defaults
  to the calling shell.
- The `sprint` skill registers the PR in the same step that opens it; the
  planner may register any PR for itself.

**The daemon** (`sc`-managed process, same supervision model as the existing
brokers: `./sc launch` brings it up, `./sc down` stops it):

- Polls on a 60–90s loop. One batched GraphQL query covers every live watch —
  at authenticated rate limits (5,000 req/hr) this is ~1% of budget.
- Diffs each PR against `last_seen`; on transition, INSERTs a `pr_event` row
  to the watch''s `shell_id` and updates `last_seen`. Events: check suite
  concluded (green or red), review submitted, merged, closed.
- On merge/close: emit the final event, set `closed_at` — the watch retires
  itself; no leaked watchers to tear down at sprint close.
- The daemon only ever writes message rows. It never boots shells, never
  marks anything read, never touches git.

> [!class4]
> Body caps stay honest: a `pr_event` body is one line — repo, PR, what
> changed, and the head SHA. Detail lives in `gh`; the message is the wake-up,
> not the payload.

## Headless boot

`./sc run <shortname> [-p "<prompt>"] [--harness <h>] [-m <model>]` — the
same render-then-exec path as the interactive launcher, minus the picker and
the TTY:

- Renders the shell''s boot CLAUDE.md exactly as `./sc enter` would, then
  execs the harness non-interactively via a per-harness adapter:

| Harness | Headless exec | Model flag |
|---|---|---|
| **claude** | `claude -p "<prompt>"` | `--model` |
| **codex** | `codex exec "<prompt>"` | `-m` |
| **opencode** | `opencode run "<prompt>"` | `-m <provider>/<model>` |

- All three stream a final message and exit — scriptable by construction.
  Approval prompts are disabled in headless runs (codex: approvals off;
  claude/opencode: the permission posture the sandbox already grants); the
  docker sandbox stays the safety boundary, exactly as in interactive runs.
- Harness + model resolve in order: explicit flags → the sprint doc''s
  `models:` line (interview, below) → the shell''s `flavor_defaults`. Vibe is
  out of scope (see Non-goals).
- Default prompt when `-p` is omitted: *"Check your inbox and act on your
  unread messages."* The messaging skill''s boot stance already makes a
  non-zero inbox the first thing a shell surfaces — the prompt just starts
  the turn.
- Liveness guard: refuse to boot a shell that already has a live session
  (`shell_liveness` is the existing line to build on). One shell, one
  session.
- The session writes memory, archives, and messages exactly as an
  interactive one — an ephemeral worker is still the same shell; its rows
  accrete across boots.

This is what makes workers resettable for free: the planner doesn''t reset
anything — it boots a fresh session per task, the worker replies with a
`result` row and exits, and no context is ever carried between tasks.

## Models & providers — the declaration interview

Model doctrine today lives at the operator''s launch seam (`flavor_defaults`
+ the picker). Sprints boot workers headlessly — no picker — so the seam
moves to the declaration: when the planner declares a sprint, it asks the
FnB exactly two questions:

1. **Devs** — which harness and model? One answer; every dev in the sprint
   runs it.
2. **Reviewers** — which harness and model? One answer; every reviewer runs
   it.

Flavor-uniform by design: shells of a flavor are interchangeable workers,
and one answer per flavor keeps the board readable and the review lineage
coherent — reviewers stay a *different lineage* from the code they gate
(the existing doctrine, now chosen per sprint instead of per boot).

The answers land in the sprint doc header —

```
models: devs=<harness>/<model> · reviewers=<harness>/<model>
```

— and every `sc run` the planner issues for the sprint carries them. No
answer → `flavor_defaults`, unchanged.

The planner itself is not interviewed — it is already booted. **Strong
recommendation, not a gate: run the planner on Claude (Fable).** The
planner is the low-volume, high-leverage reasoning seat, the one long-lived
context in the loop, and the only role the inbox watcher (claude-only)
fully serves; the research below also favors Anthropic models in the
orchestrator seat over mixed worker fleets. Any harness *works* — wake
latency and ergonomics degrade, correctness doesn''t. On ship, the README''s
*Sprints* and *Harnesses & models* sections state the recommendation.

## Cross-provider coordination — research inputs

Field reports on one model orchestrating workers from other providers
converge on a short list of failure modes ([86-session orchestrator
lessons](https://dev.to/ji_ai/building-a-multi-agent-llm-orchestrator-with-claude-code-86-sessions-of-hard-won-lessons-13n6),
[Microsoft Conductor](https://opensource.microsoft.com/blog/2026/05/14/conductor-deterministic-orchestration-for-multi-agent-ai-workflows/),
[bag-of-agents error analysis](https://towardsdatascience.com/why-your-multi-agent-system-is-failing-escaping-the-17x-error-trap-of-the-bag-of-agents/)).
Each is either already answered by this design''s architecture or becomes a
rule here:

| Observed failure | This design |
|---|---|
| Model-driven routing is fragile — sequencing left to LLM inference is non-repeatable | Sequencing is data: the sprint doc''s dependency column + `task` rows. The planner fills a deterministic structure; it doesn''t improvise one. |
| No implicit context sharing — workers rediscover the same facts and re-find the same bugs | Explicit injection is the only channel: a `task` row carries the pointer set (sprint doc id, unit seq, spec doc, branch); the DB render is the shared memory every boot reads. |
| Prompt dialect drift — instructions tuned for one model silently underperform on another | `task` bodies stay model-neutral and constraint-explicit: point at the spec and the skill, don''t restate them in planner phrasing. Constraints live in specs, which every lineage reads the same way. |
| Worker self-reports get trusted — "done" accepted as done | Already sprint posture: a `result` row is a wake-up, never the verdict — green checks + the reviewer gate are the only ground truth. |
| Overnight parallel workers exhaust metered credits | The README''s subscription-plan posture, plus this spec''s whole point: ephemeral workers + zero scheduled polling make idle hours cost ~nothing. |
| The coordinator''s own context becomes the (drifting) source of truth | The board + message table are the state; a rebooted planner replays rows and loses nothing. |

## Inbox watcher

The planner-side replacement for per-shell PR trackers: one background
process, armed once per session, that blocks until the shell has unread
messages and exits — the harness wakes the shell on exit. A 30s internal
poll against SQLite costs zero tokens; the shell is only ever woken by an
actual message. Re-arm after draining the inbox.

Claude-harness only, inert elsewhere (precedent: the `agents` skill). Other
harnesses keep the task-boundary inbox check the sprint skills already
mandate — correctness is identical, latency degrades gracefully.

## The loop, end to end

```linear
Planner sends task row :::class1 -> sc run dev (headless) :::class2 -> Dev reads inbox, builds, opens PR + watch :::class2 -> CI concludes :::class3 -> Daemon writes pr_event to planner :::class3 -> Watcher wakes planner :::class1 -> Planner books reviewer / next unit :::class1
```

Every arrow that matters is a row in `shell_messages`. The board stays the
planner''s summary; the message table is the ground truth a rebooted shell —
or the FnB — can replay.

## Surfaces to change

| Surface | Change |
|---|---|
| `schema.sql` + migration | `shell_messages.kind`; `watched_prs` |
| `sc mem message` | `--kind` on send; kind in `check` output |
| `sc watch` (new) | `pr` verb — register/list watches |
| daemon (new script) | poll loop, GraphQL batch, event emit; wired into `./sc launch`/`down` |
| `sc run` (new verb) | headless render+exec; liveness guard; `--harness`/`-m` flags; claude/codex/opencode adapters |
| `sprint` skill | register watch on PR open; drop per-dev tracker |
| `sprint_orchestration` skill | arm inbox watcher; drop planner tracker; kickoff/report messages become `task`/`result`; declaration gains the two-question model interview + the `models:` header line |
| README (at ship) | *Sprints* + *Harnesses & models* gain the sprint interview and the Fable-planner recommendation |
| tests | daemon diff/emit logic; watch registration; `kind` constraint; `sc run` harness/model resolution order |

Skill rewires land last, in the same feature — the daemon must be proven
before the skills stop telling shells to poll.

## Non-goals

- **Webhooks.** A localhost fork has no exposed endpoint; the 60–90s poll is
  within the latency budget. Revisit only if polling ever isn''t.
- **Daemon-initiated boots.** The daemon writes rows; only the planner (or
  the FnB) boots shells. Autonomous wake is a separate, deliberate decision.
- **Vibe headless workers.** Vibe takes no model from the launch seam — it
  self-selects via `active_model` in its own config — so the interview
  cannot parameterize it. It stays an interactive option; revisit if it
  grows a model flag.
- **Per-unit model mixing.** One answer per flavor, for the whole sprint.
  Mixing models within a flavor is complexity with no driver — the
  interview covers the real need, provider choice per role.
- **Hard planner-model enforcement.** Fable-as-planner is a strong
  recommendation in the README and skill text, never a gate — any harness
  can hold the planner seat, at degraded wake latency.
- **Threading / read-receipts beyond `read_at`.** The bus stays flat.
- **Multi-operator auth.** Single-operator fork assumptions hold, as in
  messaging v1.

## Done condition

A sprint unit can go task → build → PR → green → review → merge with **zero
scheduled polling by any shell**: the planner is woken by rows, workers are
booted per task and exit on `result`, and the full coordination history is
reconstructable from `shell_messages` alone. Cross-provider is first-class:
the same sprint runs with devs on one harness and reviewers on another,
exactly as the declaration interview chose, every `sc run` honoring it.
', 'specs_sc/sprint-eventing.md', '2026-07-12 16:58:23', '2026-07-13 04:26:34');
INSERT INTO documents (document_id, feature_id, kind, seq, title, frozen, frozen_date, body, render_path, created_at, updated_at) VALUES (8, 15, 'spec', 1, 'Sprint reporting — unit reports, conformance pass, planner synthesis', 0, NULL, '---
title: Sprint reporting & conformance
tags: [sprints, reporting, conformance, review, orchestration]
date: 2026-07-13
project: super-coder
purpose: Ground-truth sprint close-out
---

# Sprint reporting — unit reports, conformance pass, planner synthesis

## Overview

Sprint close-out today ends on a prose mandate: "write the sprint report,
the message trail is your primary source." That leaves the planner
reconstructing the sprint from one-line transition rows — and leaves one
question nobody in the loop is positioned to answer: **does what shipped
on `main` actually match the spec?** Per-unit reviewers gate diffs against
their unit''s scope; no gate ever reads the integrated result against the
whole spec.

This feature adds three pieces, all skill-text and templates — no schema,
no daemon, no new CLI:

1. **Dev unit reports** — every dev closes its unit with ONE structured
   `result` row (fixed template): what shipped, judgement calls, issues
   hit, known deviations, follow-ups. Written at merge, while the unit''s
   history is still in the dev''s context.
2. **Conformance pass** — after all units merge and `main` is green,
   *before* the freeze, the planner boots review shell(s) to read the
   spec and the code on `main` — not the diffs, not the narrative — and
   classify every spec requirement four ways.
3. **Planner synthesis** — the sprint report becomes a fixed section
   skeleton the planner fills by reasoning over the unit reports + the
   conformance doc + the trail, so the FnB gets a realistic state of
   where things are, not a merge log.

> [!class1]
> Design intent (FnB, 2026-07-13): each dev reports on its own unit, a
> final conformance review covers the integrated whole, and the planner
> generates the sprint report by reasoning over both — "so we grab a
> realistic state of where we are."

## Problem

Three gaps in the current close-out:

- **Self-reports are the only per-unit record.** A dev''s transitions
  arrive as one-liners (`pr-open`, `merged`). The judgement calls, the
  CI fights, the corners knowingly cut — all of it lives in an ephemeral
  worker session that exits at merge. By close-out it is gone; the
  planner reconstructs from breadcrumbs.
- **Nobody reads the whole against the spec.** Unit reviewers verify
  *my diff does my unit*. Cross-unit seams — unit 3''s interface drifting
  from what unit 5 assumed, a spec requirement that fell between two
  units, a silent deviation each reviewer individually waved through —
  are invisible to every existing gate. "All units merged" and "the spec
  shipped" are different claims; today we only ever check the first.
- **The report has no contract.** "Cover: units shipped, review
  outcomes, ambiguity calls, stalls…" is guidance, not a skeleton. Each
  sprint report is shaped by whatever the planner happens to remember,
  and reports aren''t comparable across sprints.

## Dev unit reports

At merge (the `sprint` skill''s step 7), the dev''s merged-notification to
the planner grows from one line into the **unit report** — still a single
`result` row, fixed template:

```
unit-report <doc-id> unit=<seq> pr=#<n>
shipped: <what the unit does now, 1-2 lines — the claim, not the diff>
judgements: <ambiguity calls incl. final state (ratified/overruled); ''none''>
issues: <CI reds (real vs anomalous), fix loops, stalls, review friction; ''none''>
deviations: <known departures from the spec''s reading + why; ''none''>
follow-ups: <Lows deferred, TODOs left, cleanup owed; ''none''>
```

- One report per unit, at merge, mandatory — timed when the unit''s whole
  history is still in the dev''s context, not reconstructed later.
- Every field answered; `none` is an answer. `deviations` is the honesty
  field: a deviation declared here is a judgement to ratify, the same
  deviation found only by the conformance pass is a finding.
- Transition rows stay one-line; the unit report is the ONE sanctioned
  multi-line `result` row. No new message kind — the `unit-report`
  header line makes the trail greppable, and widening the `kind` CHECK
  means rebuilding a hot table for zero query power (see Non-goals).
- Reviewers don''t file unit reports: their `review-clean` + Low-notes
  rows already carry their record.

## Conformance pass

When every unit is `merged` and `main` is green — **before**
`status: CLOSED`, before the freeze — the planner runs the sprint''s
final gate:

```linear
All units merged, main green :::class2 -> Planner boots conformance shell(s) :::class1 -> Spec vs main, four-way verdicts :::class2 -> CONFORMANCE doc + result row :::class2 -> Planner rules on findings :::class1 -> Fix units OR freeze + report :::class3
```

**Who.** Review shell(s) chosen by the planner — reviewer lineage, the
sprint''s reviewer harness/model (the declaration interview already
covers them). One shell by default; shard by spec section only when the
spec is genuinely too large for one context, planner''s call.

**Inputs.** The kickoff `task` row carries exactly: the spec doc id, the
sprint doc id, the merge SHA of `main`, the section scope (if sharded) —
plus the planner''s list of **ratified judgement calls**. That list is
the only narrative input, and it is what lets the shell tell an
intentional deviation from a silent one. Everything else is artifact:
the shell judges the spec against the code on `main`, never the diffs,
never the message trail, never the devs'' reasoning.

**Verdicts.** Every spec requirement in scope gets one of four:

| Verdict | Meaning | Lands in |
|---|---|---|
| `as-specced` | code matches the spec''s reading | Spec Accuracy |
| `deviated-intentionally` | matches a ratified judgement call | Spec Accuracy, linked to Judgements Made |
| `deviated-silently` | departs from spec, nobody declared it | a finding — severity attached |
| `unimplemented` | spec requires it, nothing on `main` does it | a finding — severity attached |

Findings carry spec section, code location, and Major/Medium/Low — the
sprint''s existing severity bar, same meanings.

**Output.** A `documents` row — `CONFORMANCE: <sprint title>`, kind
`doc` — plus a one-line `result` row to the planner pointing at it.
Detail in the doc, wake-up in the message: the body-cap doctrine holds.

**Rulings.** Findings route exactly like sprint events: **Major** → the
planner inserts a fix unit at the front of the chain under still-ACTIVE
sprint authority (this is why the pass runs before the freeze — a
reopened sprint re-grants nothing); re-run the pass scoped to the fix.
**Medium** → planner''s judgment: fix unit now, or defer with the FnB
told explicitly in the report''s Verdict. **Low** → Deferred &
Follow-ups, never blocks the freeze.

> [!class4]
> The conformance shell holds no authority — it files verdicts. Rulings
> stay with the planner; anything that changes what the sprint *means*
> stays with the FnB. Same escalation ladder as the rest of the sprint.

## Sprint report

The close-out report (orchestration step 5) becomes a fixed skeleton.
The planner fills it by **reasoning over the unit reports and the
conformance doc against each other** — where a dev''s `deviations: none`
meets a `deviated-silently` finding on its unit, the report says so; the
whole point is the reconciled, realistic state, not either source pasted
verbatim.

| Section | Primary source |
|---|---|
| `## Verdict` | planner synthesis — five-second answer: N units / N PRs, conformance state (conforms / conforms-with-deviations / gaps-found), main green, anything deferred-with-eyes-open |
| `## Units Shipped` | the board — final table, planned vs. actual order |
| `## Judgements Made` | unit reports (`judgements:`) + planner rulings + severity disputes; every call with its final state |
| `## Spec Accuracy` | conformance doc — verdict table + findings, cross-checked against unit reports'' `deviations:` |
| `## Issues Encountered` | unit reports (`issues:`) + the `pr_event`/stall trail — CI fights, anomalous reds, re-scopes, unblocks |
| `## Deferred & Follow-ups` | unit reports (`follow-ups:`) + reviewers'' Lows + conformance Lows + anything cut — one actionable backlog, the next sprint''s seed list |
| `## Spec Debt` | judgement calls that should be written back into the spec + places the spec was silent, wrong, or contradictory — the input to the spec-update pass |
| `## Metrics` (optional) | mechanical from the trail: review cycles per unit, CI reds, boots per shell, planned vs. actual merge order |

Spec Accuracy reports the artifact; Spec Debt reports on the spec
itself. Every ambiguity call is evidence for both — the call is a
judgement (Accuracy ratifies it), and the fact the spec forced a call
is debt (Debt writes it back). Without the Spec Debt section, the same
ambiguities re-fire next sprint.

Delivery is unchanged: one `documents` row (`SPRINT REPORT: <title>`) +
the `shared/SPRINT_REPORT_<slug>.md` copy + the FnB message. The
CONFORMANCE doc stays alongside as the report''s evidence trail.

## Close-out, end to end

```linear
Last unit merges, main green :::class2 -> Conformance pass + rulings :::class1 -> status CLOSED + freeze (authority off) :::class1 -> Participants messaged, watches verified :::class2 -> Report synthesized from unit reports + conformance doc :::class3 -> FnB messaged: report + evidence :::class3
```

The freeze moves one slot later than today — after conformance rulings,
still before the report. Everything else in step 5 (participant
messages, watch teardown, bookkeeping) is unchanged.

## Surfaces to change

| Surface | Change |
|---|---|
| `sprint` skill | step 7: merged-notification becomes the unit-report template; new third slot — **conformance slot** (wake = planner task row; inputs, four-way verdicts, doc + pointer row, no authority) |
| `sprint_orchestration` skill | step 5 rewritten: conformance pass + rulings before freeze; report section becomes the fixed skeleton with source mapping; kickoff mentions the unit-report duty |
| README (*Sprints*) | close-out description gains the conformance pass + report skeleton |
| seed pipeline | `./sc seed-skills` after the two skill edits — regenerated seed migration carries them to installed forks |

No schema change, no new CLI verb, no daemon change. The feature is
skill-text, templates, and one new document convention.

## Non-goals

- **A new `report` message kind.** SQLite can''t widen a CHECK in place —
  extending `kind` means rebuilding `shell_messages`, a hot table, for a
  distinction the `unit-report` header line already gives every query.
  Revisit only if trail-filtering demonstrably hurts.
- **Automated conformance tooling.** No coverage scoring, no
  requirement-extraction parser, no lint. The conformance shell is a
  reviewer reading a spec against code — judgment, not measurement.
- **Per-unit conformance passes.** The unit reviewer already gates the
  unit; the conformance pass exists for the integrated whole. Running it
  per-merge would re-pay the cost N times to check seams that don''t
  exist yet.
- **Blocking the freeze on advisory findings.** Major blocks (fix unit,
  sprint stays open); Medium is a planner ruling; Low never holds the
  close.
- **Enforcement.** Advisory v1, like all sprint authority: templates and
  skeletons live in skill text, not pre-commit checks. A missing unit
  report is a planner nudge (`task` row), not a merge blocker.

## Done condition

A closed sprint produces: exactly one `unit-report` result row per unit,
filed at merge; one CONFORMANCE doc with a four-way verdict for every
spec requirement in scope, produced against `main` before the freeze;
and one sprint report in the fixed skeleton where every section traces
to its named sources. Silent deviations are either zero or itemized
findings with rulings — "all units merged" and "the spec shipped" are
finally separately-checked claims, and the report states both.
', 'specs_sc/sprint-reporting.md', '2026-07-13 20:04:30', '2026-07-13 20:04:30');
INSERT INTO documents (document_id, feature_id, kind, seq, title, frozen, frozen_date, body, render_path, created_at, updated_at) VALUES (9, 16, 'spec', 1, 'sc job — session-surviving job runner', 1, '2026-07-14', '---
title: sc job — session-surviving job runner
tags: [jobs, sprints, headless, eventing, supervision]
date: 2026-07-14
project: super-coder
purpose: Local long-running work that survives the session that started it
---

# sc job — session-surviving local job runner

## Overview

`./sc job` runs a long local command — a test suite, a bench, a build —
as a **detached, supervised process** that survives the harness session
that started it, and reports its completion as a `result` row in the
starting shell''s own inbox. The existing eventing loop (inbox watcher,
headless boots on message rows) then covers local long jobs exactly the
way it already covers PR transitions: the process outlives the session;
the completion row wakes the shell.

```
./sc job start [--label <slug>] [--timeout <sec>] -- <cmd ...>
./sc job list [--all]
./sc job status <id>
./sc job tail <id> [-n N]
./sc job wait <id> [--for <sec>]
./sc job kill <id>
```

## Problem

The dos-arch sprint-221 report''s recurring failure (~6 occurrences):
sessions ended turns with suite runs, benches, and watches parked on
harness background tasks. In a headless (`-p`) session those tasks die
with the session — "the harness will wake me" is false. Consequences
observed in one sprint: a bench that died silently and contaminated a
measurement decision; a 4-hour wedge on a deadlocked local suite; an
evolving stack of hand-rolled mitigations (detached runs with manual
kill-0 poll slices, drain-inbox-between-slices discipline), each shell
reinventing its own waiter — one with a self-match bug that masked the
dead bench.

> [!class1]
> A harness background task is session-scoped. Anything that must
> outlive the turn — a suite, a bench, a build — must not be parked on
> one. `sc job` is the engine-owned answer; hand-rolled `nohup` + poll
> loops are the thing it replaces.

## Job lifecycle

`start` spawns a small **supervisor** (`job.py _supervise <dir>`) in a
new session (`setsid`), which spawns the command as its own process
group, then:

1. records the child pid in `meta.json`,
2. streams combined stdout+stderr to `log`,
3. waits for exit (or kills the group at `--timeout` seconds),
4. writes `exit_code` + `finished_at` to `meta.json`,
5. posts ONE completion message to the starting shell''s own inbox via
   the engine API — kind `result`, body one line:
   `job <id> (<label>) exited <code> after <duration> — log: <path>`,
   stamped with a `dedupe_key` so an API retry never double-sends.

The message is the wake-up, not the payload — detail lives in
`sc job status` / `tail`. If the API is unreachable at completion the
supervisor retries briefly, then gives up: `meta.json` still holds the
result, `status`/`wait` still see it. The completion row is the fast
path, never the only path.

State lives under `<engine>/run/jobs/<id>/` — `meta.json` (cmd, label,
cwd, owner shortname, timestamps, pid, exit) + `log`. No DB schema
changes: the only DB surface is the existing `shell_messages` bus, and
the supervisor is the one writer, through the API like any shell-side
actor (token from the environment it inherited at `start`).

## The two wait patterns

- **Event-driven (preferred, planner-visible):** `job start`, report
  the job id in your `result`/board row, end the turn. The completion
  row wakes the shell through the normal inbox path. Nothing polls.
- **Wait-slice (when the result decides THIS turn''s next step):**
  `job wait <id> --for <sec>` blocks in the foreground up to `--for`
  seconds (default 300, cap 550 — under harness foreground-timeout
  limits). Exit 0 = finished (status line printed); exit 2 = still
  running. Between slices: drain your inbox, then slice again. The
  canonical waiter every shell was hand-rolling, once, correctly.

> [!class4]
> `job wait` exit codes: 0 done · 2 still running · 1 no such job.
> A wait-slice loop that never drains the inbox between slices
> reproduces the stale-state failure the sprint hit — the slice is
> bounded exactly so the inbox gets read.

## Timeouts and the wedge case

`--timeout <sec>` arms the supervisor to SIGTERM (then SIGKILL after a
grace period) the whole process group and report
`exited timeout(-15) …`. The sprint''s 4-hour deadlocked pytest wedge is
the motivating case: a wedged suite becomes a bounded failure with a
completion row, not a silent hole in the sprint.

`job kill <id>` is the manual form: SIGTERM to the group, recorded as
killed, completion row still posted (by the supervisor, which survives).

## Surfaces to change

| Surface | Change |
|---|---|
| `scripts/job.py` | new — verbs + the supervisor |
| `sc` dispatcher | `job)` arm + help stanza |
| `run/jobs/` | new state dir (gitignored with the rest of `run/`) |
| `shell_messages` | none — existing kind `result` + `dedupe_key` |
| skills (`sprint`, `sprint_orchestration`) | teach: long local work goes through `sc job`; wait-slice + drain-inbox discipline (separate reseed) |
| `tests/test_job.py` | new — lifecycle, wait codes, timeout, completion row |

## Non-goals

- **Fleet-wide job registry.** Jobs are per-shell, state is
  engine-local to the worktree that started them; the completion row on
  the message bus is the fleet-visible surface. A cross-shell `job list`
  is a later feature if wanted.
- **Supervision beyond one shot.** No restarts, no cron, no queues —
  a job runs once and reports once. The brokers own long-lived services.
- **Replacing CI.** CI-vs-CI on the same runner stays the decision
  number for measurements (sprint-221 ruling); `sc job` exists so local
  runs that do happen can''t die silently.

## Done condition

A headless sprint worker starts a 30-minute suite with
`./sc job start --timeout 3600 -- …`, ends its turn immediately, and
the suite keeps running. On exit the worker''s inbox gets one `result`
row; the planner''s next boot of that shell acts on the outcome.
`job wait` covers the in-turn case in ≤550s slices with inbox drains
between. A wedged run dies at its timeout with a completion row instead
of wedging the sprint. Zero scheduled polling anywhere.
', 'specs_sc/job-runner.md', '2026-07-14 07:15:07', '2026-07-14 07:15:07');
INSERT INTO documents (document_id, feature_id, kind, seq, title, frozen, frozen_date, body, render_path, created_at, updated_at) VALUES (10, 16, 'doc', 1, 'sc job — local jobs that survive your session', 0, NULL, '---
title: sc job — local jobs that survive your session
tags: [jobs, sprints, headless, eventing]
date: 2026-07-14
project: super-coder
purpose: How to run and wait on long local work with sc job
---

# sc job — local jobs that survive your session

## What it is

`./sc job` runs a long local command — a test suite, a bench, a build —
as a detached, supervised one-shot that outlives the session that
started it. When the job exits, its completion arrives as a `result`
row in YOUR inbox: the same wake-up path PR events use, so the sprint
loop needs nothing new to act on it.

Reach for it whenever work must outlive the turn. A harness background
task is session-scoped — in a headless (`-p`) boot it dies with the
session, silently. That failure killed benches and wedged a sprint for
four hours before this existed; the sprint skills now hard-ban parking
long work on one.

## The verbs

```
./sc job start [--label <slug>] [--timeout <sec>] -- <cmd ...>
./sc job list [--all]            # live jobs; --all includes finished
./sc job status <id>             # state · pid · exit · timestamps · log path
./sc job tail <id> [-n N]        # last N log lines (default 50)
./sc job wait <id> [--for <sec>] # bounded foreground wait (≤550s slice)
./sc job kill <id>               # SIGTERM→SIGKILL the whole process group
```

Job states: `running` · `done` · `failed` · `timeout` · `killed` ·
`lost` (supervisor died without recording an exit — reboot/SIGKILL;
check the log before trusting anything).

## The two ways to wait

**Fire-and-wake (default).** Start the job, report its id if someone
is waiting on it, end the turn. The completion `result` row wakes you
through the normal inbox path — nothing polls, nothing is parked on
the session.

**Wait-slice (the result decides this turn''s next step).**
`./sc job wait <id>` blocks up to 550 seconds in the foreground and
exits `0` = finished (status line printed) or `2` = still running.
Between slices, drain your inbox (`sc mem message check`) and act on
what landed, then slice again. Exit `1` = no such job / lost.

## Timeouts and stuck jobs

Always pass `--timeout` for anything that can wedge: the supervisor
SIGTERMs the job''s whole process group at the deadline (SIGKILL after
a grace period), records `timeout`, and still sends the completion
row. A deadlocked suite becomes a bounded failure with a wake-up, not
a silent hole. `kill` is the manual version, same group-kill, same
completion row.

## How it works

`start` writes `<engine>/run/jobs/<id>/` (`meta.json` + `log`) and
spawns a small supervisor in its own session. The supervisor spawns
the command as its own process group, streams combined stdout+stderr
to the log, waits, records the exit in `meta.json`, and posts one
completion message to the starting shell''s own inbox through the
engine API — kind `result`, stamped with a `dedupe_key` so a retry
never double-sends. If the API is down it retries briefly and gives
up: `meta.json` is the durable record; `status`/`wait` read it without
the API.

No DB surface beyond that one message. Jobs are per-shell and
engine-local; the message bus is the only fleet-visible part. Spec:
`specs_sc/job-runner.md` (frozen).
', 'docs_sc/job-runner.md', '2026-07-14 10:10:22', '2026-07-14 10:10:22');
INSERT INTO documents (document_id, feature_id, kind, seq, title, frozen, frozen_date, body, render_path, created_at, updated_at) VALUES (11, 17, 'spec', 1, 'Token & Session Analytics — Spec', 0, NULL, '---
title: Token & Session Analytics — Spec
tags: [super-coder, spec, analytics, telemetry, harness]
date: 2026-07-19
project: super-coder
purpose: Self-tracked token + session + usage analytics
---

# Token & Session Analytics — Spec

[![Open in md-converter](https://img.shields.io/badge/Open%20in-md--converter-6b46c1?style=flat-square)](https://md-converter.designs-os.com/?url=https://github.com/jedbjorn/super-coder/blob/main/specs_sc/token-session-analytics.md)

## Overview

Track token spend and session history **ourselves**, across every harness the
engine launches. Provider plans are opaque about allotments; the harnesses
already write usage data to disk — we ingest it into the fork''s own DB and
surface it in the GUI.

What ships:

- **Session history** — every session with shell, harness, provider, model,
  started, ended, and a **session title** (native where the harness stores
  one, first-prompt-derived otherwise). Listed newest-first, grouped by day,
  default 7 days, "More" loads 7 more. Collapsed cards carry the basics with
  the title truncated at 100 chars; expanded cards carry the full title and
  per-class detail. Sprint-spawned sessions cluster under their sprint.
- **Token analytics** — input / output / cache-read / cache-write (+
  reasoning where exposed), filterable by harness, provider, model.
- **Usage analytics** — behavioral reads over the same data: favorite model
  per shell flavor, recent sprints, recent features. Read-time queries only;
  no extra capture.

```stats
:::class1
value: 5
label: Harnesses covered
description: claude · opencode · codex · vibe · kimi
:::class2
value: 4+1
label: Token classes
description: input · output · cache read · cache write · reasoning (where exposed)
:::class3
value: 7 days
label: Default history window
description: cursor-paged, "More" loads 7 more
:::class4
value: 0
label: Token data captured today
description: entire capture layer is new
```

> [!class1]
> Design stance (FnB, 2026-07-19): per-harness parsers are **plugins over
> third-party formats we don''t control**. Version drift is accepted — if a
> parser breaks, we fix it. Loud failure, never silent zeros.

Why not dos-arch''s mechanism: dos-arch meters in-process (every model call
passes one `egress_log` wrapper). super-coder never calls a model — it launches
external harness CLIs. Capture is therefore **pull**: parse what each harness
leaves on disk. dos-arch''s normalized token classes and read-time aggregation
carry over; the capture boundary does not.

## Recon — per harness

Verified on the host, 2026-07-19 — kimi against a live K3 session (QA pass,
session 0213). All five harnesses confirmed parseable.

| Harness | Source | Token fields | Fidelity |
|---|---|---|---|
| claude | `~/.claude/projects/<dir>/*.jsonl` — per-request `usage` | input, output, cache_creation, cache_read + model per request | Full — **dedupe by `message.id` required** (see notes) |
| opencode | `~/.local/share/opencode/opencode.db` — `session` table | tokens_input/output/reasoning/cache_read/cache_write, title, model JSON, cost, time_created/updated | Full — plain SQL read |
| codex | `~/.codex/sessions/YYYY/MM/DD/rollout-*.jsonl` — `token_count` events | input (⊇ cached_input), output (⊇ reasoning) — last event''s `total_token_usage` is cumulative | Good — no cache-write class |
| vibe | `~/.vibe/logs/session/<id>/meta.json` | `stats.session_prompt_tokens` / `session_completion_tokens`, title, model, start/end, working_directory | Partial — no cache split |
| kimi | `~/.kimi-code/sessions/wd_*/session_*/` — `state.json` + `agents/*/wire.jsonl` `usage.record` events | inputOther, output, inputCacheRead, inputCacheCreation — 1:1 to the four classes, per-event model | Full — cleanest source |

Notes:

- **claude** transcripts repeat the same `usage` object on every
  content-block line of a multi-block response (verified: 286 usage lines,
  141 unique message ids in one transcript — naive summing overcounts ~2×).
  Dedupe by `message.id` (or `requestId`) — **in-file and cross-file**,
  since resume/fork can copy lines into a new session file. No native
  title; derive from the first user message (transcript, or
  `~/.claude/history.jsonl` sessionId→display map).
- **opencode** is the easiest: per-session totals pre-aggregated, native
  `title`. The `model` column is **JSON**
  (`{"id","providerID","variant"}`) — provider comes straight from
  `providerID`; fold `variant` into the model label when present.
- **codex**: take the **last** `token_count` event''s `total_token_usage`
  (cumulative) — do not sum per-turn values. Model id lives in
  `turn_context.payload.model`; provider in
  `session_meta.payload.model_provider`. cwd in both. No native title;
  derive from first user message.
- **vibe** `meta.json`: model = `config.active_model`, provider from
  `config.models[].provider`; native `title` (+ `title_source`); lifecycle
  from `start_time`/`end_time`; repo filter from
  `environment.working_directory`.
- **kimi** (`kimi-code` CLI): `state.json` carries
  `createdAt`/`updatedAt`, `workDir` (worktree-precise), native `title`
  (+ `isCustomTitle`), `lastPrompt`. `usage.record` events sum per
  (session × model); `llm.request` events carry `provider`/`model`
  natively. Sessions can run multiple agents (swarm mode) — sum across
  `agents/*/wire.jsonl`. `harness_session_ref` = session dir.

## Data model

One migration (next free number at build time). All engine-DB; every fork
gets it at repin.

### Session lifecycle — columns on shell_memory_archives

Nullable columns, historical rows stay NULL:

| Column | Type | Written by |
|---|---|---|
| started_at | TEXT (ISO UTC) | `run.py open_session` |
| ended_at | TEXT (ISO UTC) | sweep backfill (last harness activity) |
| harness | TEXT | `run.py open_session` |
| provider | TEXT | `run.py open_session` |
| model | TEXT | `run.py open_session` |
| sprint_ref | TEXT | `run.py open_session` from `SC_SPRINT_REF` env |

`run.py` already resolves harness + model for the exec env — it just never
persists them. `ended_at` cannot be written at exit (`run.py` execs the
harness; no code runs after), so the sweep backfills it from harness session
data.

### New table — session_token_usage

One row per (harness session × model). Not per API call — per-request
granularity is a later option for claude only.

| Column | Type | Notes |
|---|---|---|
| usage_id | INTEGER PK | |
| archive_id | INTEGER NULL | FK → shell_memory_archives; NULL = unattributed |
| shell_id | INTEGER NULL | denormalized for filtering |
| harness | TEXT NOT NULL | claude/opencode/codex/vibe/kimi |
| harness_session_ref | TEXT NOT NULL | transcript path / session id / rollout file / session dir |
| provider | TEXT | anthropic/openai/mistral/kimi/… |
| model | TEXT | |
| title | TEXT NULL | harness-side session title (native or first-prompt derived); UI truncates |
| started_at / ended_at | TEXT | from harness data (ISO UTC) |
| input_tokens | INTEGER NULL | fresh (uncached) input |
| output_tokens | INTEGER NULL | |
| cache_read_tokens | INTEGER NULL | |
| cache_write_tokens | INTEGER NULL | |
| reasoning_tokens | INTEGER NULL | opencode + codex expose it |
| status | TEXT CHECK | ok · partial · no_usage |
| parser_version | TEXT | per-parser format pin |
| captured_at | TEXT | sweep time |

`UNIQUE(harness, harness_session_ref, model)` — the idempotency key; parsers
upsert, re-sweeps never double-count. "Unattributed" is `archive_id IS
NULL`, **not** a fourth status value.

> [!class4]
> Token classes are normalized to dos-arch''s four (fresh input / cache read /
> cache write / output) plus nullable reasoning. A harness that can''t fill a
> class leaves it NULL — NULL means "not exposed", 0 means "measured zero".
> **Per-harness subset rules** (or classes double-count): codex
> `input_tokens` includes `cached_input_tokens` → fresh-input = input −
> cached_input, cache_read = cached_input; codex `reasoning_output_tokens`
> is inside `output_tokens`. kimi''s `inputOther` is already fresh input — no
> arithmetic. opencode caveat: its columns are `NOT NULL DEFAULT 0`, so
> "not exposed" and "measured zero" are indistinguishable at that layer —
> trust opencode''s numbers as-is.

## Capture

One collector, one parser module per harness — the plugin seam.

```mermaid
graph LR
  H1[claude jsonl]:::class2 --> P["parsers (one per harness)"]:::class1
  H2[opencode.db]:::class2 --> P
  H3[codex rollout]:::class2 --> P
  H4[vibe meta.json]:::class2 --> P
  H5[kimi wire.jsonl]:::class2 --> P
  P --> U["upsert session_token_usage"]:::class3
  U --> A["attribute to archive_id"]:::class3
```

- **Collector**: `sc analytics sweep` (script + `./sc` subcommand). Scans
  each harness''s data dir, filters to sessions belonging to **this fork''s
  repo directory**, upserts rows. Runs: at `run.py` boot (pre-session,
  incremental), on demand, and from the GUI analytics tab load.
  **Incrementality**: skip source files whose mtime ≤ the row''s last
  `captured_at` — the first full sweep of harness history is large; every
  later sweep touches only what changed. Two hazards close the gaps in that
  gate (CC-145): **off-repo files** never produce rows so they never earn a
  watermark — the codex parser bails on the `session_meta` line (line 1)
  the moment the cwd is off-repo, instead of re-parsing other projects''
  history every sweep; and the claude parser''s **dir-scoped dedupe** meant
  one live session file re-parsed its whole project dir every boot — per-file
  parse state (byte-offset high-water mark + full id→usage maps, cross-file
  dedupe replayed from cache in mtime order) persists in
  `analytics_parse_cache` (migration 0073, one JSON row per harness, pinned
  to `parser_version`), so a grown transcript parses only its tail delta. The
  cache is a disposable accelerator, never a source of truth: it lives in the
  DB so a rebuild drops rows and cache together, and a version bump or
  `--full` discards it.
- **Repo filtering (claude)**: read the `cwd` field on the JSONL lines, not
  the project-dir name — the dir-name dash-encoding is lossy (`/` and `-`
  encode identically). Harness sessions launched **outside** `run.py` in a
  fork''s repo dir are swept and shown unattributed — deliberate: it is real
  spend on this repo.
- **Parsers**: `scripts/token_parsers/<harness>.py`, each pinning
  `parser_version` to the format shape it expects. On shape mismatch: write
  what it can with `status=''partial''` and log loudly — never skip silently,
  never write zeros as if measured. Parsers also fill `title` (native field
  or first-user-message fallback).
- **Attribution**: match harness session → archive by (repo directory,
  time-window overlap with `started_at`/`ended_at`). An archive whose
  `ended_at` is still NULL is treated as open-ended until that shell''s next
  `started_at`. Worktree shells have distinct cwds, which disambiguates
  parallel dev shells. Residual ambiguity → row stays `archive_id=NULL`
  (still visible in analytics, flagged unattributed).
- **Real-time path (claude only, v1)**: adapter `merge_json` injects a
  `SessionEnd` hook (same seam as branch-guard) POSTing the transcript path
  to `POST /_sc/mem/telemetry`; server validates the ref resolves under the
  expected harness data dir, then runs the claude parser inline. The sweep
  remains the backstop for missed hooks. codex `notify` / opencode plugin
  push are later enhancements — the sweep already covers them.
- **Provider derivation**: native fields where the harness exposes them
  (opencode `providerID`, kimi `llm.request.provider`, codex
  `session_meta.model_provider`); parser-level default for vibe (mistral);
  model catalog lookup as fallback.

## API

New GUI-namespace routes in `api/server.py` (localhost, same stance as the
rest of `/api/*`):

- `GET /api/analytics/sessions?before=<ISO>&days=7&harness=&provider=&model=&shell=`
  → `{days: [{date, sprints: [...], sessions: [...]}], next_before}` —
  session rows carry shell, harness, provider, model, title, started/ended,
  token sums, sprint_ref, status. Cursor-paged: "More" re-calls with
  `next_before`.
- `GET /api/analytics/tokens?from=&to=&group_by=day|model|provider|harness&…filters`
  → `{totals: {input, output, cache_read, cache_write, reasoning}, series}`.
- `GET /api/analytics/usage` → `{favorite_models: [{flavor, model,
  sessions}], recent_sprints: [...], recent_features: [...]}` — read-time
  aggregation; flavor joins through the attributed `shell_id`, features via
  sprint_ref → tracker doc → `feature_id`.
- `GET /api/analytics/filters` → distinct harnesses/providers/models/shells
  present in the data (populates dropdowns).
- `POST /_sc/mem/telemetry` (token-scoped namespace) — hook ingest:
  `{harness, harness_session_ref}`; server validates + parses + upserts
  inline.

## UI

New **Analytics** tab in `ui/app.js` (vanilla JS, no framework — house
style). Timestamps are stored UTC and **translated to local time at
render** — day-grouping and displayed times are local.

- **Filter row**: harness / provider / model selects (from
  `/api/analytics/filters`), default All. Filters apply to the summary,
  the usage panels, and the list.
- **Summary strip**: token totals for the loaded window — input, output,
  cache read, cache write.
- **Usage panels**: favorite model per shell flavor, recent sprints,
  recent features (from `/api/analytics/usage`).
- **Session history**: grouped by day, newest first. 7 days initially;
  **More** loads 7 more via cursor. **Collapsed card**: started–ended
  time, shell, harness, model, provider, title truncated at 100 chars,
  total tokens. **Expanded card**: full title, per-class token counts,
  sprint_ref, harness_session_ref, `status` when not `ok` (no_usage /
  partial / unattributed).
- **Sprint grouping**: within a day, sessions sharing a `sprint_ref` render
  clustered under a sprint header with rolled-up totals; solo sessions list
  flat.
- No cost column in v1 — tokens only.

## Sprint grouping

No sprint entity exists in the data model today — a sprint is a workflow
(tracker document + spec_tasks + typed messages). The linkage:

- Sprint orchestration sets `SC_SPRINT_REF=<tracker document_id>` in the
  env when spawning headless workers; `run.py open_session` persists it to
  the archive row. The orchestrating parent session sets its own the same
  way. **Env threading is verified** (QA pass): `job.py` spawns inherit the
  caller''s environment and `run.py` builds the exec env from
  `{**os.environ}` — no new plumbing needed.

> [!class2]
> Deliberately thin: no sprints table, no FK — a nullable tag on the session
> row. If sprint reporting later needs a real entity, the tag migrates into
> it.

## Out of scope & risks

Out of scope for v1:

- **Cost / pricing** — no `models` pricing table, no $ math. dos-arch''s
  read-time `cost_*` join is the precedent when wanted; token counts are the
  ground truth being bought here.
- **Per-request rows** — claude could support them; v1 stays per
  session × model.
- **Push capture for codex/opencode/kimi** — sweep covers them; `notify` /
  plugin seams are enhancements.
- **Retention/rollup** — row volume is tiny (sessions × models, not
  requests).

Risks, with stance:

| Risk | Stance |
|---|---|
| Harness format drift (all parsers) | Accepted (plugin stance): parser_version pin, `partial` status, loud log, fix forward |
| claude usage duplication (multi-block lines, resume/fork file copies) | Dedupe by `message.id` in-file and cross-file — verified hazard, ~2× overcount if skipped |
| Attribution ambiguity (same repo, overlapping sessions) | claude hook gives exact refs; worktrees give distinct cwds; NULL `ended_at` = open-ended until next session; residue stays unattributed, never guessed |
| Old sessions predate lifecycle columns | Sweep still ingests harness-side history — token rows exist unattributed; archives stay NULL |

## Build plan

Cadence (FnB, 2026-07-19): **spec + QA** landed together in session 0213 —
the QA pass (adversarial review + live recon on all five harnesses,
including kimi against a running K3 session) resolved every Preparation
unknown except the migration number (build-time trivial). **Build** is the
next session, task-tracked via the spec skill.

```linear
Spec authored :::class3 -> QA pass :::class1 -> Build :::class2 -> Verify on real sessions :::class4
```

Task shape for the build session:

1. Migration — archive lifecycle columns + `session_token_usage`
   (incl. `title`); next free migration number.
2. `run.py` — persist started_at/harness/provider/model/sprint_ref at
   `open_session`.
3. Collector + claude parser (transcript JSONL; message-id dedup, cwd
   filter, title from first prompt).
4. opencode + codex parsers (JSON model column; last cumulative total +
   subset normalization).
5. vibe + kimi parsers (meta.json; wire.jsonl usage.record, multi-agent
   sum).
6. `/api/analytics/*` routes (sessions, tokens, usage, filters) +
   `/_sc/mem/telemetry` ingest with ref validation.
7. claude `SessionEnd` hook via adapter `merge_json`.
8. UI Analytics tab (filters, summary, usage panels, 7-day list + More,
   collapsed/expanded cards, sprint clusters; UTC→local at render).
9. Verification — real sessions on ≥3 harnesses, re-sweep idempotency,
   render + snapshot + render-check.
', 'specs_sc/token-session-analytics.md', '2026-07-19 08:17:18', '2026-07-20 08:51:11');

DELETE FROM flags;
INSERT INTO flags (flag_id, display_name, priority, description, created_date, resolved_date, resolved, shell_id, feature_id, resolution_notes, parent_flag_id, is_deleted) VALUES (1, 'SC-001', 'Low', '[Test] review layer smoke flag | Blocker for: nothing', '2026-06-04', '2026-06-04', 1, NULL, 1, 'smoke test done', NULL, 0);
INSERT INTO flags (flag_id, display_name, priority, description, created_date, resolved_date, resolved, shell_id, feature_id, resolution_notes, parent_flag_id, is_deleted) VALUES (2, 'SC-001', 'Medium', '[Docs] agents skill shipped, doc pending | Blocker for: agents feature doc', '2026-07-06', NULL, 0, 1, 13, NULL, NULL, 0);
INSERT INTO flags (flag_id, display_name, priority, description, created_date, resolved_date, resolved, shell_id, feature_id, resolution_notes, parent_flag_id, is_deleted) VALUES (3, 'SC-002', 'Medium', '[Docs] sprint eventing shipped (PR #338), feature doc pending — and the loop is unproven until a real sprint runs on it | Blocker for: eventing feature doc + first eventing sprint', '2026-07-13', NULL, 0, NULL, 14, NULL, NULL, 0);

DELETE FROM spec_tasks;
INSERT INTO spec_tasks (task_id, feature_id, document_id, seq, title, description, status, completed_date, resolution_notes, shell_id, created_date) VALUES (1, 13, 6, 0, 'Preparation', 'Trace seed_skills/sync/regrant pipeline, asset format, migration numbering', 'done', '2026-07-06', NULL, 1, '2026-07-06');
INSERT INTO spec_tasks (task_id, feature_id, document_id, seq, title, description, status, completed_date, resolution_notes, shell_id, created_date) VALUES (2, 13, 6, 1, 'Author agents SKILL.md asset', 'Full skill body per spec: contract, dev/review overlays, monitoring, timeouts, verbatim ledger check', 'done', '2026-07-06', NULL, 1, '2026-07-06');
INSERT INTO spec_tasks (task_id, feature_id, document_id, seq, title, description, status, completed_date, resolution_notes, shell_id, created_date) VALUES (3, 13, 6, 2, 'Seed regen + forward migration', './sc seed-skills; 0049 self-contained UPSERT agents + spec/review reseed + dev/reviewer grants', 'done', '2026-07-06', NULL, 1, '2026-07-06');
INSERT INTO spec_tasks (task_id, feature_id, document_id, seq, title, description, status, completed_date, resolution_notes, shell_id, created_date) VALUES (4, 13, 6, 3, 'Templates + overlay pointers', 'dev.json/reviewer.json skills arrays; pointer lines in spec + review assets', 'done', '2026-07-06', NULL, 1, '2026-07-06');
INSERT INTO spec_tasks (task_id, feature_id, document_id, seq, title, description, status, completed_date, resolution_notes, shell_id, created_date) VALUES (5, 13, 6, 4, 'Verification', 'render-check hermetic pass, tests, local apply, snapshot+render, grants verified', 'done', '2026-07-06', NULL, 1, '2026-07-06');
INSERT INTO spec_tasks (task_id, feature_id, document_id, seq, title, description, status, completed_date, resolution_notes, shell_id, created_date) VALUES (6, 17, 11, 0, 'Preparation', 'Read code paths (run.py open_session, api/server.py, ui/app.js, adapters merge_json, migrations), verify DB state, confirm next free migration number, db backup', 'done', '2026-07-19', NULL, 1, '2026-07-19');
INSERT INTO spec_tasks (task_id, feature_id, document_id, seq, title, description, status, completed_date, resolution_notes, shell_id, created_date) VALUES (7, 17, 11, 1, 'Migration — lifecycle columns + session_token_usage', 'Archive lifecycle columns (started_at/ended_at/harness/provider/model/sprint_ref) + session_token_usage table incl. title; UNIQUE(harness,harness_session_ref,model); next free migration number', 'done', '2026-07-19', NULL, 1, '2026-07-19');
INSERT INTO spec_tasks (task_id, feature_id, document_id, seq, title, description, status, completed_date, resolution_notes, shell_id, created_date) VALUES (8, 17, 11, 2, 'run.py — persist session lifecycle at open_session', 'Persist started_at/harness/provider/model/sprint_ref (SC_SPRINT_REF env) on the archive row at open_session', 'done', '2026-07-19', NULL, 1, '2026-07-19');
INSERT INTO spec_tasks (task_id, feature_id, document_id, seq, title, description, status, completed_date, resolution_notes, shell_id, created_date) VALUES (9, 17, 11, 3, 'Collector + claude parser', 'sc analytics sweep collector (incremental, mtime-gated) + claude transcript parser: message.id dedupe in-file+cross-file, cwd repo filter, title from first prompt', 'done', '2026-07-19', NULL, 1, '2026-07-19');
INSERT INTO spec_tasks (task_id, feature_id, document_id, seq, title, description, status, completed_date, resolution_notes, shell_id, created_date) VALUES (10, 17, 11, 4, 'opencode + codex parsers', 'opencode: session table read, JSON model column (providerID/variant). codex: last cumulative total_token_usage, subset normalization (fresh=input-cached, reasoning inside output)', 'done', '2026-07-19', NULL, 1, '2026-07-19');
INSERT INTO spec_tasks (task_id, feature_id, document_id, seq, title, description, status, completed_date, resolution_notes, shell_id, created_date) VALUES (11, 17, 11, 5, 'vibe + kimi parsers', 'vibe: meta.json (config.active_model, stats tokens, native title). kimi: state.json + agents/*/wire.jsonl usage.record, multi-agent sum, per-event model', 'done', '2026-07-19', NULL, 1, '2026-07-19');
INSERT INTO spec_tasks (task_id, feature_id, document_id, seq, title, description, status, completed_date, resolution_notes, shell_id, created_date) VALUES (12, 17, 11, 6, '/api/analytics/* routes + telemetry ingest', 'sessions (cursor-paged, day-grouped), tokens, usage, filters routes + POST /_sc/mem/telemetry with harness ref validation', 'done', '2026-07-19', NULL, 1, '2026-07-19');
INSERT INTO spec_tasks (task_id, feature_id, document_id, seq, title, description, status, completed_date, resolution_notes, shell_id, created_date) VALUES (13, 17, 11, 7, 'claude SessionEnd hook via adapter merge_json', 'Inject SessionEnd hook (branch-guard seam) POSTing transcript path to /_sc/mem/telemetry; sweep remains backstop', 'done', '2026-07-19', NULL, 1, '2026-07-19');
INSERT INTO spec_tasks (task_id, feature_id, document_id, seq, title, description, status, completed_date, resolution_notes, shell_id, created_date) VALUES (14, 17, 11, 8, 'UI Analytics tab', 'Filters, summary strip, usage panels, 7-day list + More cursor, collapsed/expanded cards (100-char title), sprint clusters, UTC to local at render', 'done', '2026-07-19', NULL, 1, '2026-07-19');
INSERT INTO spec_tasks (task_id, feature_id, document_id, seq, title, description, status, completed_date, resolution_notes, shell_id, created_date) VALUES (15, 17, 11, 9, 'Verification', 'Real sessions on >=3 harnesses, re-sweep idempotency, tests, snapshot + render + render-check', 'done', '2026-07-19', NULL, 1, '2026-07-19');

DELETE FROM feature_blockers;

DELETE FROM projects;
INSERT INTO projects (project_id, shortname, title, purpose, standing, status, is_deleted, created_at) VALUES (1, 'super-coder', 'super-coder', 'Forkable shell substrate for a single repo — DB-backed identity, memory, roadmap, content; harness-agnostic boot.', NULL, 'active', 0, '2026-06-04 10:30:53');

DELETE FROM project_shells;
INSERT INTO project_shells (project_shell_id, project_id, shell_id, role, added_date, is_deleted) VALUES (1, 1, 1, 'maintainer', '2026-06-04', 0);

-- Project-local skills only. Engine-seeded skills come from migrations.
DELETE FROM skills WHERE name NOT IN ('agents', 'api-design', 'app_deploy_setup', 'authoring_syntax', 'blueprint', 'bootstrap', 'cartographer', 'configure_winbox', 'database-migrations', 'db_map', 'docs', 'flag_sweep', 'flags', 'git', 'git_cleanup', 'issue_reporting', 'local_skill_management', 'memory', 'messaging', 'migration_management', 'onboard', 'pm2', 'query_authoring_pg', 'redline_review', 'review', 'self_update', 'snapshot', 'spec', 'sprint', 'sprint_orchestration', 'surface_catalogue', 'tailscale', 'test_authoring', 'test_authoring_pg', 'test_authoring_sqlite', 'windows_devkit', 'windows_vm_gui');
INSERT INTO skills (name, description, category, content, command, common, is_deleted) VALUES ('dev_kit', 'What the sandbox dev kit provides + how to drive it — ./sc deps, ./sc test, ./sc lint, ./sc typecheck, the .venv tools, rg/sqlite3, the baked browser, the container/host app boundary, and the optional app-only Postgres sidecar (DATABASE_URL). Use when building or testing in a fork.', 'substrate', '# dev_kit — the sandbox dev kit

What you have to build, test, and inspect a fork — and the one boundary that
trips shells up.

## You are in a container

You run **inside the sandbox container**; the repo is bind-mounted at its host
path. The app the FnB watches in their browser is a **separate instance** — the
host-supervised stack (pm2 / `make`), outside your container. To *see* the app
yourself, run a dev server **inside** the sandbox on `0.0.0.0:$SC_DEV_PORT`; the
FnB reaches that instance at `http://127.0.0.1:$SC_DEV_PORT`. (See the boot
doc''s `RUNNING THE APP` section.)

## Install + run

- `./sc deps` — install the fork''s deps into the bind-mount: a repo-root `.venv`
  from every `requirements*.txt` (fork pins win) + `npm ci`/`install` per
  `package.json`. Persists across image rebuilds. **Run this first.**
- `./sc test` — backend (`.venv` pytest honoring the fork''s `pytest.ini`, else
  the engine''s stdlib unittest) + UI (`npm run test` / vitest where a `test`
  script is declared). Non-zero if any suite fails.

## The `.venv` dev kit

`./sc deps` layers these onto the fork''s own deps with `--upgrade-strategy
only-if-needed`, so a fork''s pins and its `[tool.ruff]`/`[tool.mypy]` config
always win. **Available, not enforced** — opt in per fork.

- `./sc lint [paths]` → `.venv/bin/ruff check` — lint + format-check.
  (`.venv/bin/ruff format` to apply formatting.)
- `./sc typecheck [paths]` → `.venv/bin/mypy` — Python type-check.
- `.venv/bin/pytest` / `coverage` / `httpx` — test + HTTP client (also via `./sc test`).
- `.venv/bin/datasette <db.sqlite>` — browse a SQLite DB in a web GUI when the
  `sqlite3` CLI isn''t enough. Bind `0.0.0.0:$SC_DEV_PORT` to view it from the host.

> The `.venv` baseline only materializes when the fork declares Python (a
> `requirements*.txt`). A pure-frontend fork gets node only.

## Baked into the image

Always present, no `./sc deps` needed:

- `rg` (ripgrep), `sqlite3` CLI, `curl`, `node` 22 / `npm`.
- **Playwright + Chromium** at `PLAYWRIGHT_BROWSERS_PATH=/opt/ms-playwright`
  (world-readable). The fork''s `@playwright/test` / `playwright` runner resolves
  it automatically — E2E drives the *running* app over HTTP, so start a dev
  server first.

## Frontend checks

`svelte-check`, `tsc`, vitest come from the fork''s own `package.json` devDeps —
installed by `./sc deps`'' `npm ci`, run via the fork''s npm scripts (or `./sc test`).

## Postgres sidecar (app-only)

When a fork sets `"pg": {}` in `.super-coder/instance.json` (`./sc pg-init` adds
it), `./sc launch` starts a `postgres:17` sidecar (`sc-pg-<fork>` on `SC_NET`) and
forwards `DATABASE_URL` into the sandbox — so you can develop + test the fork''s
**app** against real Postgres. This is for the *app only*: the engine DB is always
SQLite and the engine never reads `DATABASE_URL`, so the sidecar can''t point the
review GUI at the wrong DB.

- `DATABASE_URL=postgresql://sc:sc@sc-pg-<fork>:5432/sc` is in the sandbox env,
  reachable by **container name** on `SC_NET` — *not* `127.0.0.1`, which inside
  the sandbox is its own loopback. Override with `SC_DATABASE_URL` on the host.
- Data persists in a named Docker volume across restarts + image rebuilds.
- The **Postgres driver is the fork''s own dependency**, not the engine dev kit:
  declare `psycopg[binary]` (psycopg 3) in the fork''s `requirements*.txt` so
  `./sc deps` installs it. Then the app + `pytest` connect with no extra steps.

Verify with `echo $DATABASE_URL`. *Unset* → the fork has no `pg` block; run
`./sc pg-init && ./sc restart` on the host.

**Empty ≠ unavailable.** A configured sidecar (`DATABASE_URL` *set*) whose schema
is empty is a **provision-me** signal — not "no DB / out of scope / blocked." It
is the fork''s real app DB, waiting to be migrated. Provision it the way the app
does — the fork''s own schema migrations + bootstrap (e.g. its `make migrate` /
`make bootstrap`, or whatever migration runner the repo map points to) — then
verify against it. Never hand-roll a separate throwaway DB, and never write the
task off as "no DB available." You have one.

## Stance

`./sc deps` before anything else in a fresh sandbox — qwen''s "node missing" was
just deps-not-installed. Lint/type-check are there when you want them, never
forced; respect the fork''s config. To see the app, run a dev server in the
container — never restart the FnB''s host stack. Before calling an app-DB task
blocked on a missing/empty DB: check `DATABASE_URL`; if it''s set but empty,
provision the sidecar with the fork''s own migrations. In a sandbox the DB is
never the blocker.', NULL, 0, 0) ON CONFLICT(name) DO UPDATE SET description=excluded.description, category=excluded.category, content=excluded.content, command=excluded.command, common=excluded.common, is_deleted=excluded.is_deleted;

DELETE FROM shell_skills;
INSERT INTO shell_skills (shell_id, skill_id) SELECT 1, skill_id FROM skills WHERE name='api-design';
INSERT INTO shell_skills (shell_id, skill_id) SELECT 1, skill_id FROM skills WHERE name='blueprint';
INSERT INTO shell_skills (shell_id, skill_id) SELECT 1, skill_id FROM skills WHERE name='bootstrap';
INSERT INTO shell_skills (shell_id, skill_id) SELECT 1, skill_id FROM skills WHERE name='database-migrations';
INSERT INTO shell_skills (shell_id, skill_id) SELECT 1, skill_id FROM skills WHERE name='db_map';
INSERT INTO shell_skills (shell_id, skill_id) SELECT 1, skill_id FROM skills WHERE name='docs';
INSERT INTO shell_skills (shell_id, skill_id) SELECT 1, skill_id FROM skills WHERE name='flags';
INSERT INTO shell_skills (shell_id, skill_id) SELECT 1, skill_id FROM skills WHERE name='git';
INSERT INTO shell_skills (shell_id, skill_id) SELECT 1, skill_id FROM skills WHERE name='issue_reporting';
INSERT INTO shell_skills (shell_id, skill_id) SELECT 1, skill_id FROM skills WHERE name='memory';
INSERT INTO shell_skills (shell_id, skill_id) SELECT 1, skill_id FROM skills WHERE name='messaging';
INSERT INTO shell_skills (shell_id, skill_id) SELECT 1, skill_id FROM skills WHERE name='onboard';
INSERT INTO shell_skills (shell_id, skill_id) SELECT 1, skill_id FROM skills WHERE name='self_update';
INSERT INTO shell_skills (shell_id, skill_id) SELECT 1, skill_id FROM skills WHERE name='snapshot';
INSERT INTO shell_skills (shell_id, skill_id) SELECT 1, skill_id FROM skills WHERE name='surface_catalogue';
INSERT INTO shell_skills (shell_id, skill_id) SELECT 2, skill_id FROM skills WHERE name='bootstrap';
INSERT INTO shell_skills (shell_id, skill_id) SELECT 2, skill_id FROM skills WHERE name='cartographer';
INSERT INTO shell_skills (shell_id, skill_id) SELECT 2, skill_id FROM skills WHERE name='db_map';
INSERT INTO shell_skills (shell_id, skill_id) SELECT 2, skill_id FROM skills WHERE name='git';
INSERT INTO shell_skills (shell_id, skill_id) SELECT 2, skill_id FROM skills WHERE name='issue_reporting';
INSERT INTO shell_skills (shell_id, skill_id) SELECT 2, skill_id FROM skills WHERE name='memory';
INSERT INTO shell_skills (shell_id, skill_id) SELECT 2, skill_id FROM skills WHERE name='messaging';
INSERT INTO shell_skills (shell_id, skill_id) SELECT 2, skill_id FROM skills WHERE name='self_update';
INSERT INTO shell_skills (shell_id, skill_id) SELECT 2, skill_id FROM skills WHERE name='snapshot';
INSERT INTO shell_skills (shell_id, skill_id) SELECT 2, skill_id FROM skills WHERE name='surface_catalogue';
INSERT INTO shell_skills (shell_id, skill_id) SELECT 3, skill_id FROM skills WHERE name='bootstrap';
INSERT INTO shell_skills (shell_id, skill_id) SELECT 3, skill_id FROM skills WHERE name='database-migrations';
INSERT INTO shell_skills (shell_id, skill_id) SELECT 3, skill_id FROM skills WHERE name='db_map';
INSERT INTO shell_skills (shell_id, skill_id) SELECT 3, skill_id FROM skills WHERE name='dev_kit';
INSERT INTO shell_skills (shell_id, skill_id) SELECT 3, skill_id FROM skills WHERE name='docs';
INSERT INTO shell_skills (shell_id, skill_id) SELECT 3, skill_id FROM skills WHERE name='flags';
INSERT INTO shell_skills (shell_id, skill_id) SELECT 3, skill_id FROM skills WHERE name='git';
INSERT INTO shell_skills (shell_id, skill_id) SELECT 3, skill_id FROM skills WHERE name='memory';
INSERT INTO shell_skills (shell_id, skill_id) SELECT 3, skill_id FROM skills WHERE name='messaging';
INSERT INTO shell_skills (shell_id, skill_id) SELECT 3, skill_id FROM skills WHERE name='redline_review';
INSERT INTO shell_skills (shell_id, skill_id) SELECT 3, skill_id FROM skills WHERE name='self_update';
INSERT INTO shell_skills (shell_id, skill_id) SELECT 3, skill_id FROM skills WHERE name='snapshot';
INSERT INTO shell_skills (shell_id, skill_id) SELECT 3, skill_id FROM skills WHERE name='surface_catalogue';
INSERT INTO shell_skills (shell_id, skill_id) SELECT 4, skill_id FROM skills WHERE name='agents';
INSERT INTO shell_skills (shell_id, skill_id) SELECT 4, skill_id FROM skills WHERE name='bootstrap';
INSERT INTO shell_skills (shell_id, skill_id) SELECT 4, skill_id FROM skills WHERE name='database-migrations';
INSERT INTO shell_skills (shell_id, skill_id) SELECT 4, skill_id FROM skills WHERE name='db_map';
INSERT INTO shell_skills (shell_id, skill_id) SELECT 4, skill_id FROM skills WHERE name='dev_kit';
INSERT INTO shell_skills (shell_id, skill_id) SELECT 4, skill_id FROM skills WHERE name='docs';
INSERT INTO shell_skills (shell_id, skill_id) SELECT 4, skill_id FROM skills WHERE name='flags';
INSERT INTO shell_skills (shell_id, skill_id) SELECT 4, skill_id FROM skills WHERE name='git';
INSERT INTO shell_skills (shell_id, skill_id) SELECT 4, skill_id FROM skills WHERE name='issue_reporting';
INSERT INTO shell_skills (shell_id, skill_id) SELECT 4, skill_id FROM skills WHERE name='memory';
INSERT INTO shell_skills (shell_id, skill_id) SELECT 4, skill_id FROM skills WHERE name='messaging';
INSERT INTO shell_skills (shell_id, skill_id) SELECT 4, skill_id FROM skills WHERE name='redline_review';
INSERT INTO shell_skills (shell_id, skill_id) SELECT 4, skill_id FROM skills WHERE name='spec';
INSERT INTO shell_skills (shell_id, skill_id) SELECT 4, skill_id FROM skills WHERE name='sprint';
INSERT INTO shell_skills (shell_id, skill_id) SELECT 4, skill_id FROM skills WHERE name='surface_catalogue';
INSERT INTO shell_skills (shell_id, skill_id) SELECT 4, skill_id FROM skills WHERE name='test_authoring';
INSERT INTO shell_skills (shell_id, skill_id) SELECT 5, skill_id FROM skills WHERE name='agents';
INSERT INTO shell_skills (shell_id, skill_id) SELECT 5, skill_id FROM skills WHERE name='bootstrap';
INSERT INTO shell_skills (shell_id, skill_id) SELECT 5, skill_id FROM skills WHERE name='database-migrations';
INSERT INTO shell_skills (shell_id, skill_id) SELECT 5, skill_id FROM skills WHERE name='db_map';
INSERT INTO shell_skills (shell_id, skill_id) SELECT 5, skill_id FROM skills WHERE name='dev_kit';
INSERT INTO shell_skills (shell_id, skill_id) SELECT 5, skill_id FROM skills WHERE name='docs';
INSERT INTO shell_skills (shell_id, skill_id) SELECT 5, skill_id FROM skills WHERE name='flags';
INSERT INTO shell_skills (shell_id, skill_id) SELECT 5, skill_id FROM skills WHERE name='git';
INSERT INTO shell_skills (shell_id, skill_id) SELECT 5, skill_id FROM skills WHERE name='issue_reporting';
INSERT INTO shell_skills (shell_id, skill_id) SELECT 5, skill_id FROM skills WHERE name='memory';
INSERT INTO shell_skills (shell_id, skill_id) SELECT 5, skill_id FROM skills WHERE name='messaging';
INSERT INTO shell_skills (shell_id, skill_id) SELECT 5, skill_id FROM skills WHERE name='redline_review';
INSERT INTO shell_skills (shell_id, skill_id) SELECT 5, skill_id FROM skills WHERE name='spec';
INSERT INTO shell_skills (shell_id, skill_id) SELECT 5, skill_id FROM skills WHERE name='sprint';
INSERT INTO shell_skills (shell_id, skill_id) SELECT 5, skill_id FROM skills WHERE name='surface_catalogue';
INSERT INTO shell_skills (shell_id, skill_id) SELECT 5, skill_id FROM skills WHERE name='test_authoring';

DELETE FROM shell_messages;
INSERT INTO shell_messages (message_id, from_shell_id, to_shell_id, body, created_at, read_at, kind, dedupe_key) VALUES (7, 1, 1, 'job 1-smoke (smoke) done exit=0 after 2s — `sc job status 1-smoke` · log: /home/j3d1/super-coder/.super-coder/run/jobs/1-smoke/log', '2026-07-14 07:25:59', '2026-07-14 07:26:22', 'result', 'job-1-smoke-completion');

DELETE FROM watched_prs;

DELETE FROM flavor_defaults;
INSERT INTO flavor_defaults (flavor, harness, model, is_default) VALUES ('dev', 'codex', 'gpt-5.6-sol', 1);
INSERT INTO flavor_defaults (flavor, harness, model, is_default) VALUES ('dev', 'claude', 'opus', 0);
INSERT INTO flavor_defaults (flavor, harness, model, is_default) VALUES ('dev', 'opencode', 'ollama-cloud/qwen3-coder-next', 0);
INSERT INTO flavor_defaults (flavor, harness, model, is_default) VALUES ('cartographer', 'codex', 'gpt-5.6-terra', 1);
INSERT INTO flavor_defaults (flavor, harness, model, is_default) VALUES ('cartographer', 'claude', 'sonnet', 0);
INSERT INTO flavor_defaults (flavor, harness, model, is_default) VALUES ('cartographer', 'opencode', 'ollama-cloud/glm-5.2', 0);
INSERT INTO flavor_defaults (flavor, harness, model, is_default) VALUES ('planner', 'codex', 'gpt-5.5', 0);
INSERT INTO flavor_defaults (flavor, harness, model, is_default) VALUES ('planner', 'claude', 'fable', 1);
INSERT INTO flavor_defaults (flavor, harness, model, is_default) VALUES ('planner', 'opencode', 'ollama-cloud/deepseek-v4-pro', 0);
INSERT INTO flavor_defaults (flavor, harness, model, is_default) VALUES ('reviewer', 'codex', 'gpt-5.5', 0);
INSERT INTO flavor_defaults (flavor, harness, model, is_default) VALUES ('reviewer', 'claude', 'fable', 1);
INSERT INTO flavor_defaults (flavor, harness, model, is_default) VALUES ('reviewer', 'opencode', 'ollama-cloud/glm-5.2', 0);
INSERT INTO flavor_defaults (flavor, harness, model, is_default) VALUES ('admin', 'codex', 'gpt-5.5', 0);
INSERT INTO flavor_defaults (flavor, harness, model, is_default) VALUES ('admin', 'claude', 'opus', 1);
INSERT INTO flavor_defaults (flavor, harness, model, is_default) VALUES ('admin', 'opencode', 'ollama-cloud/deepseek-v4-pro', 0);
INSERT INTO flavor_defaults (flavor, harness, model, is_default) VALUES ('devops', 'codex', 'gpt-5.5', 1);
INSERT INTO flavor_defaults (flavor, harness, model, is_default) VALUES ('devops', 'claude', 'sonnet', 0);
INSERT INTO flavor_defaults (flavor, harness, model, is_default) VALUES ('devops', 'opencode', 'ollama/qwen3-coder:480b-cloud', 0);

COMMIT;
PRAGMA foreign_keys=ON;
